rx_role,recv_ms,run_id,tx_id,node_id,seq,tx_ms,region,event,priority,usefulness,stale_after,policy,rssi,snr,parse_ok,parse_error,wall_time_utc,serial_port,raw_line
RX,1709875,R7,TXA,N01,44,49141,A,1,0.3,0.25,30.0,R,-51.0,10.0,True,,2026-06-23T17:16:12.603+00:00,/dev/cu.usbserial-576B0005451,"RX,1709875,R7,TXA,N01,44,49141,A,1,0.30,0.25,30,R,-51,10.00"
RX,1710865,R7,TXB,N16,35,39409,B,1,0.9,0.8,30.0,U,-53.0,9.5,True,,2026-06-23T17:16:13.594+00:00,/dev/cu.usbserial-576B0005451,"RX,1710865,R7,TXB,N16,35,39409,B,1,0.90,0.80,30,U,-53,9.50"
RX,1710958,R7,TXA,N01,45,50224,A,1,0.3,0.25,30.0,R,-52.0,9.75,True,,2026-06-23T17:16:13.686+00:00,/dev/cu.usbserial-576B0005451,"RX,1710958,R7,TXA,N01,45,50224,A,1,0.30,0.25,30,R,-52,9.75"
RX,1711948,R7,TXB,N16,36,40492,B,1,0.9,0.8,30.0,U,-53.0,10.0,True,,2026-06-23T17:16:14.677+00:00,/dev/cu.usbserial-576B0005451,"RX,1711948,R7,TXB,N16,36,40492,B,1,0.90,0.80,30,U,-53,10.00"
RX,1712041,R7,TXA,N01,46,51307,A,1,0.3,0.25,30.0,R,-50.0,9.5,True,,2026-06-23T17:16:14.769+00:00,/dev/cu.usbserial-576B0005451,"RX,1712041,R7,TXA,N01,46,51307,A,1,0.30,0.25,30,R,-50,9.50"
RX,1713031,R7,TXB,N16,37,41575,B,1,0.9,0.8,30.0,U,-52.0,9.75,True,,2026-06-23T17:16:15.760+00:00,/dev/cu.usbserial-576B0005451,"RX,1713031,R7,TXB,N16,37,41575,B,1,0.90,0.80,30,U,-52,9.75"
RX,1713124,R7,TXA,N01,47,52390,A,1,0.3,0.25,30.0,R,-50.0,9.5,True,,2026-06-23T17:16:15.852+00:00,/dev/cu.usbserial-576B0005451,"RX,1713124,R7,TXA,N01,47,52390,A,1,0.30,0.25,30,R,-50,9.50"
RX,1714114,R7,TXB,N16,38,42658,B,1,0.9,0.8,30.0,U,-52.0,9.5,True,,2026-06-23T17:16:16.843+00:00,/dev/cu.usbserial-576B0005451,"RX,1714114,R7,TXB,N16,38,42658,B,1,0.90,0.80,30,U,-52,9.50"
RX,1714207,R7,TXA,N01,48,53473,A,1,0.3,0.25,30.0,R,-51.0,10.0,True,,2026-06-23T17:16:16.935+00:00,/dev/cu.usbserial-576B0005451,"RX,1714207,R7,TXA,N01,48,53473,A,1,0.30,0.25,30,R,-51,10.00"
RX,1715197,R7,TXB,N16,39,43741,B,1,0.9,0.8,30.0,U,-51.0,9.75,True,,2026-06-23T17:16:17.926+00:00,/dev/cu.usbserial-576B0005451,"RX,1715197,R7,TXB,N16,39,43741,B,1,0.90,0.80,30,U,-51,9.75"
RX,1715290,R7,TXA,N01,49,54556,A,1,0.3,0.25,30.0,R,-50.0,10.0,True,,2026-06-23T17:16:18.018+00:00,/dev/cu.usbserial-576B0005451,"RX,1715290,R7,TXA,N01,49,54556,A,1,0.30,0.25,30,R,-50,10.00"
RX,1716280,R7,TXB,N16,40,44824,B,1,0.9,0.8,30.0,U,-52.0,10.0,True,,2026-06-23T17:16:19.009+00:00,/dev/cu.usbserial-576B0005451,"RX,1716280,R7,TXB,N16,40,44824,B,1,0.90,0.80,30,U,-52,10.00"
RX,1716373,R7,TXA,N01,50,55639,A,1,0.3,0.25,30.0,R,-50.0,9.75,True,,2026-06-23T17:16:19.101+00:00,/dev/cu.usbserial-576B0005451,"RX,1716373,R7,TXA,N01,50,55639,A,1,0.30,0.25,30,R,-50,9.75"
RX,1717363,R7,TXB,N16,41,45907,B,1,0.9,0.8,30.0,U,-52.0,9.75,True,,2026-06-23T17:16:20.092+00:00,/dev/cu.usbserial-576B0005451,"RX,1717363,R7,TXB,N16,41,45907,B,1,0.90,0.80,30,U,-52,9.75"
RX,1717456,R7,TXA,N01,51,56722,A,1,0.3,0.25,30.0,R,-50.0,9.75,True,,2026-06-23T17:16:20.184+00:00,/dev/cu.usbserial-576B0005451,"RX,1717456,R7,TXA,N01,51,56722,A,1,0.30,0.25,30,R,-50,9.75"
RX,1718446,R7,TXB,N16,42,46990,B,1,0.9,0.8,30.0,U,-52.0,9.75,True,,2026-06-23T17:16:21.175+00:00,/dev/cu.usbserial-576B0005451,"RX,1718446,R7,TXB,N16,42,46990,B,1,0.90,0.80,30,U,-52,9.75"
RX,1718539,R7,TXA,N01,52,57805,A,1,0.3,0.25,30.0,R,-54.0,9.75,True,,2026-06-23T17:16:21.267+00:00,/dev/cu.usbserial-576B0005451,"RX,1718539,R7,TXA,N01,52,57805,A,1,0.30,0.25,30,R,-54,9.75"
RX,1719529,R7,TXB,N16,43,48073,B,1,0.9,0.8,30.0,U,-51.0,9.25,True,,2026-06-23T17:16:22.258+00:00,/dev/cu.usbserial-576B0005451,"RX,1719529,R7,TXB,N16,43,48073,B,1,0.90,0.80,30,U,-51,9.25"
RX,1719622,R7,TXA,N01,53,58888,A,1,0.3,0.25,30.0,R,-52.0,10.0,True,,2026-06-23T17:16:22.350+00:00,/dev/cu.usbserial-576B0005451,"RX,1719622,R7,TXA,N01,53,58888,A,1,0.30,0.25,30,R,-52,10.00"
RX,1720612,R7,TXB,N16,44,49156,B,1,0.9,0.8,30.0,U,-55.0,10.0,True,,2026-06-23T17:16:23.341+00:00,/dev/cu.usbserial-576B0005451,"RX,1720612,R7,TXB,N16,44,49156,B,1,0.90,0.80,30,U,-55,10.00"
RX,1720705,R7,TXA,N01,54,59971,A,1,0.3,0.25,30.0,R,-50.0,9.75,True,,2026-06-23T17:16:23.433+00:00,/dev/cu.usbserial-576B0005451,"RX,1720705,R7,TXA,N01,54,59971,A,1,0.30,0.25,30,R,-50,9.75"
RX,1721695,R7,TXB,N16,45,50239,B,1,0.9,0.8,30.0,U,-55.0,9.25,True,,2026-06-23T17:16:24.424+00:00,/dev/cu.usbserial-576B0005451,"RX,1721695,R7,TXB,N16,45,50239,B,1,0.90,0.80,30,U,-55,9.25"
RX,1721788,R7,TXA,N01,55,61054,A,1,0.3,0.25,30.0,R,-51.0,9.5,True,,2026-06-23T17:16:24.516+00:00,/dev/cu.usbserial-576B0005451,"RX,1721788,R7,TXA,N01,55,61054,A,1,0.30,0.25,30,R,-51,9.50"
RX,1722778,R7,TXB,N16,46,51322,B,1,0.9,0.8,30.0,U,-54.0,9.75,True,,2026-06-23T17:16:25.507+00:00,/dev/cu.usbserial-576B0005451,"RX,1722778,R7,TXB,N16,46,51322,B,1,0.90,0.80,30,U,-54,9.75"
RX,1722871,R7,TXA,N01,56,62137,A,1,0.3,0.25,30.0,R,-54.0,9.5,True,,2026-06-23T17:16:25.599+00:00,/dev/cu.usbserial-576B0005451,"RX,1722871,R7,TXA,N01,56,62137,A,1,0.30,0.25,30,R,-54,9.50"
RX,1723861,R7,TXB,N16,47,52405,B,1,0.9,0.8,30.0,U,-55.0,9.75,True,,2026-06-23T17:16:26.590+00:00,/dev/cu.usbserial-576B0005451,"RX,1723861,R7,TXB,N16,47,52405,B,1,0.90,0.80,30,U,-55,9.75"
RX,1723954,R7,TXA,N01,57,63220,A,1,0.3,0.25,30.0,R,-53.0,9.5,True,,2026-06-23T17:16:26.682+00:00,/dev/cu.usbserial-576B0005451,"RX,1723954,R7,TXA,N01,57,63220,A,1,0.30,0.25,30,R,-53,9.50"
RX,1724944,R7,TXB,N16,48,53488,B,1,0.9,0.8,30.0,U,-51.0,10.25,True,,2026-06-23T17:16:27.673+00:00,/dev/cu.usbserial-576B0005451,"RX,1724944,R7,TXB,N16,48,53488,B,1,0.90,0.80,30,U,-51,10.25"
RX,1725037,R7,TXA,N01,58,64303,A,1,0.3,0.25,30.0,R,-58.0,10.25,True,,2026-06-23T17:16:27.765+00:00,/dev/cu.usbserial-576B0005451,"RX,1725037,R7,TXA,N01,58,64303,A,1,0.30,0.25,30,R,-58,10.25"
RX,1726027,R7,TXB,N16,49,54571,B,1,0.9,0.8,30.0,U,-54.0,9.75,True,,2026-06-23T17:16:28.756+00:00,/dev/cu.usbserial-576B0005451,"RX,1726027,R7,TXB,N16,49,54571,B,1,0.90,0.80,30,U,-54,9.75"
RX,1726120,R7,TXA,N01,59,65386,A,1,0.3,0.25,30.0,R,-51.0,10.0,True,,2026-06-23T17:16:28.848+00:00,/dev/cu.usbserial-576B0005451,"RX,1726120,R7,TXA,N01,59,65386,A,1,0.30,0.25,30,R,-51,10.00"
RX,1727110,R7,TXB,N16,50,55654,B,1,0.9,0.8,30.0,U,-54.0,9.5,True,,2026-06-23T17:16:29.839+00:00,/dev/cu.usbserial-576B0005451,"RX,1727110,R7,TXB,N16,50,55654,B,1,0.90,0.80,30,U,-54,9.50"
RX,1727203,R7,TXA,N01,60,66469,A,1,0.3,0.25,30.0,R,-50.0,9.25,True,,2026-06-23T17:16:29.931+00:00,/dev/cu.usbserial-576B0005451,"RX,1727203,R7,TXA,N01,60,66469,A,1,0.30,0.25,30,R,-50,9.25"
RX,1728193,R7,TXB,N16,51,56737,B,1,0.9,0.8,30.0,U,-55.0,9.0,True,,2026-06-23T17:16:30.922+00:00,/dev/cu.usbserial-576B0005451,"RX,1728193,R7,TXB,N16,51,56737,B,1,0.90,0.80,30,U,-55,9.00"
RX,1728286,R7,TXA,N01,61,67552,A,1,0.3,0.25,30.0,R,-50.0,9.75,True,,2026-06-23T17:16:31.014+00:00,/dev/cu.usbserial-576B0005451,"RX,1728286,R7,TXA,N01,61,67552,A,1,0.30,0.25,30,R,-50,9.75"
RX,1729276,R7,TXB,N16,52,57820,B,1,0.9,0.8,30.0,U,-54.0,9.75,True,,2026-06-23T17:16:32.005+00:00,/dev/cu.usbserial-576B0005451,"RX,1729276,R7,TXB,N16,52,57820,B,1,0.90,0.80,30,U,-54,9.75"
RX,1729369,R7,TXA,N01,62,68635,A,1,0.3,0.25,30.0,R,-55.0,9.75,True,,2026-06-23T17:16:32.097+00:00,/dev/cu.usbserial-576B0005451,"RX,1729369,R7,TXA,N01,62,68635,A,1,0.30,0.25,30,R,-55,9.75"
RX,1730359,R7,TXB,N16,53,58903,B,1,0.9,0.8,30.0,U,-55.0,9.75,True,,2026-06-23T17:16:33.088+00:00,/dev/cu.usbserial-576B0005451,"RX,1730359,R7,TXB,N16,53,58903,B,1,0.90,0.80,30,U,-55,9.75"
RX,1730452,R7,TXA,N01,63,69718,A,1,0.3,0.25,30.0,R,-61.0,9.75,True,,2026-06-23T17:16:33.180+00:00,/dev/cu.usbserial-576B0005451,"RX,1730452,R7,TXA,N01,63,69718,A,1,0.30,0.25,30,R,-61,9.75"
RX,1731442,R7,TXB,N16,54,59986,B,1,0.9,0.8,30.0,U,-52.0,10.0,True,,2026-06-23T17:16:34.171+00:00,/dev/cu.usbserial-576B0005451,"RX,1731442,R7,TXB,N16,54,59986,B,1,0.90,0.80,30,U,-52,10.00"
RX,1731535,R7,TXA,N01,64,70801,A,1,0.3,0.25,30.0,R,-53.0,9.75,True,,2026-06-23T17:16:34.263+00:00,/dev/cu.usbserial-576B0005451,"RX,1731535,R7,TXA,N01,64,70801,A,1,0.30,0.25,30,R,-53,9.75"
RX,1732525,R7,TXB,N16,55,61069,B,1,0.9,0.8,30.0,U,-50.0,10.25,True,,2026-06-23T17:16:35.254+00:00,/dev/cu.usbserial-576B0005451,"RX,1732525,R7,TXB,N16,55,61069,B,1,0.90,0.80,30,U,-50,10.25"
RX,1732618,R7,TXA,N01,65,71884,A,1,0.3,0.25,30.0,R,-51.0,9.75,True,,2026-06-23T17:16:35.346+00:00,/dev/cu.usbserial-576B0005451,"RX,1732618,R7,TXA,N01,65,71884,A,1,0.30,0.25,30,R,-51,9.75"
RX,1733608,R7,TXB,N16,56,62152,B,1,0.9,0.8,30.0,U,-50.0,9.75,True,,2026-06-23T17:16:36.337+00:00,/dev/cu.usbserial-576B0005451,"RX,1733608,R7,TXB,N16,56,62152,B,1,0.90,0.80,30,U,-50,9.75"
RX,1733701,R7,TXA,N01,66,72967,A,1,0.3,0.25,30.0,R,-52.0,9.75,True,,2026-06-23T17:16:36.429+00:00,/dev/cu.usbserial-576B0005451,"RX,1733701,R7,TXA,N01,66,72967,A,1,0.30,0.25,30,R,-52,9.75"
RX,1734691,R7,TXB,N16,57,63235,B,1,0.9,0.8,30.0,U,-49.0,9.25,True,,2026-06-23T17:16:37.420+00:00,/dev/cu.usbserial-576B0005451,"RX,1734691,R7,TXB,N16,57,63235,B,1,0.90,0.80,30,U,-49,9.25"
RX,1734784,R7,TXA,N01,67,74050,A,1,0.3,0.25,30.0,R,-53.0,9.5,True,,2026-06-23T17:16:37.512+00:00,/dev/cu.usbserial-576B0005451,"RX,1734784,R7,TXA,N01,67,74050,A,1,0.30,0.25,30,R,-53,9.50"
RX,1735774,R7,TXB,N16,58,64318,B,1,0.9,0.8,30.0,U,-49.0,10.5,True,,2026-06-23T17:16:38.503+00:00,/dev/cu.usbserial-576B0005451,"RX,1735774,R7,TXB,N16,58,64318,B,1,0.90,0.80,30,U,-49,10.50"
RX,1735867,R7,TXA,N01,68,75133,A,1,0.3,0.25,30.0,R,-59.0,10.25,True,,2026-06-23T17:16:38.595+00:00,/dev/cu.usbserial-576B0005451,"RX,1735867,R7,TXA,N01,68,75133,A,1,0.30,0.25,30,R,-59,10.25"
RX,1736857,R7,TXB,N16,59,65401,B,1,0.9,0.8,30.0,U,-53.0,9.5,True,,2026-06-23T17:16:39.586+00:00,/dev/cu.usbserial-576B0005451,"RX,1736857,R7,TXB,N16,59,65401,B,1,0.90,0.80,30,U,-53,9.50"
RX,1736950,R7,TXA,N01,69,76216,A,1,0.3,0.25,30.0,R,-50.0,9.5,True,,2026-06-23T17:16:39.678+00:00,/dev/cu.usbserial-576B0005451,"RX,1736950,R7,TXA,N01,69,76216,A,1,0.30,0.25,30,R,-50,9.50"
RX,1737940,R7,TXB,N16,60,66484,B,1,0.9,0.8,30.0,U,-50.0,9.75,True,,2026-06-23T17:16:40.669+00:00,/dev/cu.usbserial-576B0005451,"RX,1737940,R7,TXB,N16,60,66484,B,1,0.90,0.80,30,U,-50,9.75"
RX,1738033,R7,TXA,N01,70,77299,A,1,0.3,0.25,30.0,R,-58.0,10.5,True,,2026-06-23T17:16:40.761+00:00,/dev/cu.usbserial-576B0005451,"RX,1738033,R7,TXA,N01,70,77299,A,1,0.30,0.25,30,R,-58,10.50"
RX,1739023,R7,TXB,N16,61,67567,B,1,0.9,0.8,30.0,U,-50.0,9.5,True,,2026-06-23T17:16:41.752+00:00,/dev/cu.usbserial-576B0005451,"RX,1739023,R7,TXB,N16,61,67567,B,1,0.90,0.80,30,U,-50,9.50"
RX,1739116,R7,TXA,N01,71,78382,A,1,0.3,0.25,30.0,R,-55.0,9.25,True,,2026-06-23T17:16:41.844+00:00,/dev/cu.usbserial-576B0005451,"RX,1739116,R7,TXA,N01,71,78382,A,1,0.30,0.25,30,R,-55,9.25"
RX,1740106,R7,TXB,N16,62,68650,B,1,0.9,0.8,30.0,U,-49.0,9.75,True,,2026-06-23T17:16:42.834+00:00,/dev/cu.usbserial-576B0005451,"RX,1740106,R7,TXB,N16,62,68650,B,1,0.90,0.80,30,U,-49,9.75"
RX,1740199,R7,TXA,N01,72,79465,A,1,0.3,0.25,30.0,R,-52.0,9.75,True,,2026-06-23T17:16:42.927+00:00,/dev/cu.usbserial-576B0005451,"RX,1740199,R7,TXA,N01,72,79465,A,1,0.30,0.25,30,R,-52,9.75"
RX,1741189,R7,TXB,N16,63,69733,B,1,0.9,0.8,30.0,U,-50.0,9.75,True,,2026-06-23T17:16:43.918+00:00,/dev/cu.usbserial-576B0005451,"RX,1741189,R7,TXB,N16,63,69733,B,1,0.90,0.80,30,U,-50,9.75"
RX,1741282,R7,TXA,N01,73,80548,A,1,0.3,0.25,30.0,R,-52.0,10.0,True,,2026-06-23T17:16:44.010+00:00,/dev/cu.usbserial-576B0005451,"RX,1741282,R7,TXA,N01,73,80548,A,1,0.30,0.25,30,R,-52,10.00"
RX,1742272,R7,TXB,N16,64,70816,B,1,0.9,0.8,30.0,U,-50.0,9.5,True,,2026-06-23T17:16:45.001+00:00,/dev/cu.usbserial-576B0005451,"RX,1742272,R7,TXB,N16,64,70816,B,1,0.90,0.80,30,U,-50,9.50"
RX,1742365,R7,TXA,N01,74,81631,A,1,0.3,0.25,30.0,R,-52.0,9.25,True,,2026-06-23T17:16:45.093+00:00,/dev/cu.usbserial-576B0005451,"RX,1742365,R7,TXA,N01,74,81631,A,1,0.30,0.25,30,R,-52,9.25"
RX,1743355,R7,TXB,N16,65,71899,B,1,0.9,0.8,30.0,U,-49.0,9.75,True,,2026-06-23T17:16:46.084+00:00,/dev/cu.usbserial-576B0005451,"RX,1743355,R7,TXB,N16,65,71899,B,1,0.90,0.80,30,U,-49,9.75"
RX,1743448,R7,TXA,N01,75,82714,A,1,0.3,0.25,30.0,R,-53.0,9.5,True,,2026-06-23T17:16:46.176+00:00,/dev/cu.usbserial-576B0005451,"RX,1743448,R7,TXA,N01,75,82714,A,1,0.30,0.25,30,R,-53,9.50"
RX,1744438,R7,TXB,N16,66,72982,B,1,0.9,0.8,30.0,U,-49.0,10.0,True,,2026-06-23T17:16:47.167+00:00,/dev/cu.usbserial-576B0005451,"RX,1744438,R7,TXB,N16,66,72982,B,1,0.90,0.80,30,U,-49,10.00"
RX,1744531,R7,TXA,N01,76,83797,A,1,0.3,0.25,30.0,R,-52.0,10.0,True,,2026-06-23T17:16:47.259+00:00,/dev/cu.usbserial-576B0005451,"RX,1744531,R7,TXA,N01,76,83797,A,1,0.30,0.25,30,R,-52,10.00"
RX,1745521,R7,TXB,N16,67,74065,B,1,0.9,0.8,30.0,U,-49.0,9.5,True,,2026-06-23T17:16:48.250+00:00,/dev/cu.usbserial-576B0005451,"RX,1745521,R7,TXB,N16,67,74065,B,1,0.90,0.80,30,U,-49,9.50"
RX,1745614,R7,TXA,N01,77,84880,A,1,0.3,0.25,30.0,R,-54.0,9.25,True,,2026-06-23T17:16:48.342+00:00,/dev/cu.usbserial-576B0005451,"RX,1745614,R7,TXA,N01,77,84880,A,1,0.30,0.25,30,R,-54,9.25"
RX,1746604,R7,TXB,N16,68,75148,B,1,0.9,0.8,30.0,U,-49.0,9.75,True,,2026-06-23T17:16:49.333+00:00,/dev/cu.usbserial-576B0005451,"RX,1746604,R7,TXB,N16,68,75148,B,1,0.90,0.80,30,U,-49,9.75"
RX,1746697,R7,TXA,N01,78,85963,A,1,0.3,0.25,30.0,R,-54.0,9.75,True,,2026-06-23T17:16:49.425+00:00,/dev/cu.usbserial-576B0005451,"RX,1746697,R7,TXA,N01,78,85963,A,1,0.30,0.25,30,R,-54,9.75"
RX,1747687,R7,TXB,N16,69,76231,B,1,0.9,0.8,30.0,U,-49.0,9.75,True,,2026-06-23T17:16:50.416+00:00,/dev/cu.usbserial-576B0005451,"RX,1747687,R7,TXB,N16,69,76231,B,1,0.90,0.80,30,U,-49,9.75"
RX,1747780,R7,TXA,N01,79,87046,A,1,0.3,0.25,30.0,R,-55.0,9.5,True,,2026-06-23T17:16:50.508+00:00,/dev/cu.usbserial-576B0005451,"RX,1747780,R7,TXA,N01,79,87046,A,1,0.30,0.25,30,R,-55,9.50"
RX,1748770,R7,TXB,N16,70,77314,B,1,0.9,0.8,30.0,U,-50.0,9.75,True,,2026-06-23T17:16:51.499+00:00,/dev/cu.usbserial-576B0005451,"RX,1748770,R7,TXB,N16,70,77314,B,1,0.90,0.80,30,U,-50,9.75"
RX,1748863,R7,TXA,N01,80,88129,A,1,0.3,0.25,30.0,R,-54.0,10.0,True,,2026-06-23T17:16:51.591+00:00,/dev/cu.usbserial-576B0005451,"RX,1748863,R7,TXA,N01,80,88129,A,1,0.30,0.25,30,R,-54,10.00"
RX,1749853,R7,TXB,N16,71,78397,B,1,0.9,0.8,30.0,U,-50.0,9.5,True,,2026-06-23T17:16:52.582+00:00,/dev/cu.usbserial-576B0005451,"RX,1749853,R7,TXB,N16,71,78397,B,1,0.90,0.80,30,U,-50,9.50"
RX,1749946,R7,TXA,N01,81,89212,A,1,0.3,0.25,30.0,R,-55.0,9.75,True,,2026-06-23T17:16:52.674+00:00,/dev/cu.usbserial-576B0005451,"RX,1749946,R7,TXA,N01,81,89212,A,1,0.30,0.25,30,R,-55,9.75"
RX,1750936,R7,TXB,N16,72,79480,B,1,0.9,0.8,30.0,U,-50.0,9.75,True,,2026-06-23T17:16:53.665+00:00,/dev/cu.usbserial-576B0005451,"RX,1750936,R7,TXB,N16,72,79480,B,1,0.90,0.80,30,U,-50,9.75"
RX,1751029,R7,TXA,N01,82,90295,A,1,0.3,0.25,30.0,R,-53.0,9.5,True,,2026-06-23T17:16:53.757+00:00,/dev/cu.usbserial-576B0005451,"RX,1751029,R7,TXA,N01,82,90295,A,1,0.30,0.25,30,R,-53,9.50"
RX,1752019,R7,TXB,N16,73,80563,B,1,0.9,0.8,30.0,U,-49.0,9.5,True,,2026-06-23T17:16:54.748+00:00,/dev/cu.usbserial-576B0005451,"RX,1752019,R7,TXB,N16,73,80563,B,1,0.90,0.80,30,U,-49,9.50"
RX,1752112,R7,TXA,N01,83,91378,A,1,0.3,0.25,30.0,R,-53.0,9.75,True,,2026-06-23T17:16:54.841+00:00,/dev/cu.usbserial-576B0005451,"RX,1752112,R7,TXA,N01,83,91378,A,1,0.30,0.25,30,R,-53,9.75"
RX,1753102,R7,TXB,N16,74,81646,B,1,0.9,0.8,30.0,U,-49.0,9.5,True,,2026-06-23T17:16:55.831+00:00,/dev/cu.usbserial-576B0005451,"RX,1753102,R7,TXB,N16,74,81646,B,1,0.90,0.80,30,U,-49,9.50"
RX,1753195,R7,TXA,N01,84,92461,A,1,0.3,0.25,30.0,R,-52.0,10.25,True,,2026-06-23T17:16:55.923+00:00,/dev/cu.usbserial-576B0005451,"RX,1753195,R7,TXA,N01,84,92461,A,1,0.30,0.25,30,R,-52,10.25"
RX,1754185,R7,TXB,N16,75,82729,B,1,0.9,0.8,30.0,U,-49.0,10.0,True,,2026-06-23T17:16:56.914+00:00,/dev/cu.usbserial-576B0005451,"RX,1754185,R7,TXB,N16,75,82729,B,1,0.90,0.80,30,U,-49,10.00"
RX,1754278,R7,TXA,N01,85,93544,A,1,0.3,0.25,30.0,R,-52.0,10.25,True,,2026-06-23T17:16:57.006+00:00,/dev/cu.usbserial-576B0005451,"RX,1754278,R7,TXA,N01,85,93544,A,1,0.30,0.25,30,R,-52,10.25"
RX,1755268,R7,TXB,N16,76,83812,B,1,0.9,0.8,30.0,U,-49.0,9.75,True,,2026-06-23T17:16:57.996+00:00,/dev/cu.usbserial-576B0005451,"RX,1755268,R7,TXB,N16,76,83812,B,1,0.90,0.80,30,U,-49,9.75"
RX,1755361,R7,TXA,N01,86,94627,A,1,0.3,0.25,30.0,R,-52.0,9.5,True,,2026-06-23T17:16:58.089+00:00,/dev/cu.usbserial-576B0005451,"RX,1755361,R7,TXA,N01,86,94627,A,1,0.30,0.25,30,R,-52,9.50"
RX,1756351,R7,TXB,N16,77,84895,B,1,0.9,0.8,30.0,U,-49.0,10.5,True,,2026-06-23T17:16:59.080+00:00,/dev/cu.usbserial-576B0005451,"RX,1756351,R7,TXB,N16,77,84895,B,1,0.90,0.80,30,U,-49,10.50"
RX,1756444,R7,TXA,N01,87,95710,A,1,0.3,0.25,30.0,R,-52.0,9.75,True,,2026-06-23T17:16:59.172+00:00,/dev/cu.usbserial-576B0005451,"RX,1756444,R7,TXA,N01,87,95710,A,1,0.30,0.25,30,R,-52,9.75"
RX,1757434,R7,TXB,N16,78,85978,B,1,0.9,0.8,30.0,U,-49.0,10.0,True,,2026-06-23T17:17:00.163+00:00,/dev/cu.usbserial-576B0005451,"RX,1757434,R7,TXB,N16,78,85978,B,1,0.90,0.80,30,U,-49,10.00"
RX,1757527,R7,TXA,N01,88,96793,A,1,0.3,0.25,30.0,R,-51.0,10.25,True,,2026-06-23T17:17:00.255+00:00,/dev/cu.usbserial-576B0005451,"RX,1757527,R7,TXA,N01,88,96793,A,1,0.30,0.25,30,R,-51,10.25"
RX,1758517,R7,TXB,N16,79,87061,B,1,0.9,0.8,30.0,U,-50.0,10.0,True,,2026-06-23T17:17:01.246+00:00,/dev/cu.usbserial-576B0005451,"RX,1758517,R7,TXB,N16,79,87061,B,1,0.90,0.80,30,U,-50,10.00"
RX,1759600,R7,TXB,N16,80,88144,B,1,0.9,0.8,30.0,U,-49.0,9.75,True,,2026-06-23T17:17:02.329+00:00,/dev/cu.usbserial-576B0005451,"RX,1759600,R7,TXB,N16,80,88144,B,1,0.90,0.80,30,U,-49,9.75"
RX,1759693,R7,TXA,N01,90,98959,A,1,0.3,0.25,30.0,R,-52.0,10.25,True,,2026-06-23T17:17:02.421+00:00,/dev/cu.usbserial-576B0005451,"RX,1759693,R7,TXA,N01,90,98959,A,1,0.30,0.25,30,R,-52,10.25"
RX,1760683,R7,TXB,N16,81,89227,B,1,0.9,0.8,30.0,U,-49.0,9.5,True,,2026-06-23T17:17:03.412+00:00,/dev/cu.usbserial-576B0005451,"RX,1760683,R7,TXB,N16,81,89227,B,1,0.90,0.80,30,U,-49,9.50"
RX,1760776,R7,TXA,N01,91,100042,A,1,0.3,0.25,30.0,R,-51.0,9.5,True,,2026-06-23T17:17:03.504+00:00,/dev/cu.usbserial-576B0005451,"RX,1760776,R7,TXA,N01,91,100042,A,1,0.30,0.25,30,R,-51,9.50"
RX,1761766,R7,TXB,N16,82,90310,B,1,0.9,0.8,30.0,U,-49.0,9.75,True,,2026-06-23T17:17:04.495+00:00,/dev/cu.usbserial-576B0005451,"RX,1761766,R7,TXB,N16,82,90310,B,1,0.90,0.80,30,U,-49,9.75"
RX,1761859,R7,TXA,N01,92,101125,A,1,0.3,0.25,30.0,R,-51.0,9.5,True,,2026-06-23T17:17:04.587+00:00,/dev/cu.usbserial-576B0005451,"RX,1761859,R7,TXA,N01,92,101125,A,1,0.30,0.25,30,R,-51,9.50"
RX,1762849,R7,TXB,N16,83,91393,B,1,0.9,0.8,30.0,U,-50.0,9.0,True,,2026-06-23T17:17:05.578+00:00,/dev/cu.usbserial-576B0005451,"RX,1762849,R7,TXB,N16,83,91393,B,1,0.90,0.80,30,U,-50,9.00"
RX,1762942,R7,TXA,N01,93,102208,A,1,0.3,0.25,30.0,R,-54.0,9.5,True,,2026-06-23T17:17:05.671+00:00,/dev/cu.usbserial-576B0005451,"RX,1762942,R7,TXA,N01,93,102208,A,1,0.30,0.25,30,R,-54,9.50"
RX,1763932,R7,TXB,N16,84,92476,B,1,0.9,0.8,30.0,U,-49.0,10.0,True,,2026-06-23T17:17:06.661+00:00,/dev/cu.usbserial-576B0005451,"RX,1763932,R7,TXB,N16,84,92476,B,1,0.90,0.80,30,U,-49,10.00"
RX,1764025,R7,TXA,N01,94,103291,A,1,0.3,0.25,30.0,R,-50.0,9.75,True,,2026-06-23T17:17:06.753+00:00,/dev/cu.usbserial-576B0005451,"RX,1764025,R7,TXA,N01,94,103291,A,1,0.30,0.25,30,R,-50,9.75"
RX,1765015,R7,TXB,N16,85,93559,B,1,0.9,0.8,30.0,U,-49.0,10.0,True,,2026-06-23T17:17:07.744+00:00,/dev/cu.usbserial-576B0005451,"RX,1765015,R7,TXB,N16,85,93559,B,1,0.90,0.80,30,U,-49,10.00"
RX,1765108,R7,TXA,N01,95,104374,A,1,0.3,0.25,30.0,R,-52.0,9.75,True,,2026-06-23T17:17:07.836+00:00,/dev/cu.usbserial-576B0005451,"RX,1765108,R7,TXA,N01,95,104374,A,1,0.30,0.25,30,R,-52,9.75"
RX,1766098,R7,TXB,N16,86,94642,B,1,0.9,0.8,30.0,U,-50.0,10.25,True,,2026-06-23T17:17:08.827+00:00,/dev/cu.usbserial-576B0005451,"RX,1766098,R7,TXB,N16,86,94642,B,1,0.90,0.80,30,U,-50,10.25"
RX,1766191,R7,TXA,N01,96,105457,A,1,0.3,0.25,30.0,R,-52.0,9.75,True,,2026-06-23T17:17:08.919+00:00,/dev/cu.usbserial-576B0005451,"RX,1766191,R7,TXA,N01,96,105457,A,1,0.30,0.25,30,R,-52,9.75"
RX,1767181,R7,TXB,N16,87,95725,B,1,0.9,0.8,30.0,U,-50.0,9.25,True,,2026-06-23T17:17:09.910+00:00,/dev/cu.usbserial-576B0005451,"RX,1767181,R7,TXB,N16,87,95725,B,1,0.90,0.80,30,U,-50,9.25"
RX,1767274,R7,TXA,N01,97,106540,A,1,0.3,0.25,30.0,R,-52.0,9.5,True,,2026-06-23T17:17:10.003+00:00,/dev/cu.usbserial-576B0005451,"RX,1767274,R7,TXA,N01,97,106540,A,1,0.30,0.25,30,R,-52,9.50"
RX,1768264,R7,TXB,N16,88,96808,B,1,0.9,0.8,30.0,U,-50.0,9.5,True,,2026-06-23T17:17:10.993+00:00,/dev/cu.usbserial-576B0005451,"RX,1768264,R7,TXB,N16,88,96808,B,1,0.90,0.80,30,U,-50,9.50"
RX,1768357,R7,TXA,N01,98,107623,A,1,0.3,0.25,30.0,R,-52.0,9.75,True,,2026-06-23T17:17:11.086+00:00,/dev/cu.usbserial-576B0005451,"RX,1768357,R7,TXA,N01,98,107623,A,1,0.30,0.25,30,R,-52,9.75"
RX,1769347,R7,TXB,N16,89,97891,B,1,0.9,0.8,30.0,U,-49.0,9.75,True,,2026-06-23T17:17:12.076+00:00,/dev/cu.usbserial-576B0005451,"RX,1769347,R7,TXB,N16,89,97891,B,1,0.90,0.80,30,U,-49,9.75"
RX,1769440,R7,TXA,N01,99,108706,A,1,0.3,0.25,30.0,R,-51.0,10.0,True,,2026-06-23T17:17:12.168+00:00,/dev/cu.usbserial-576B0005451,"RX,1769440,R7,TXA,N01,99,108706,A,1,0.30,0.25,30,R,-51,10.00"
RX,1770430,R7,TXB,N16,90,98974,B,1,0.9,0.8,30.0,U,-50.0,9.75,True,,2026-06-23T17:17:13.159+00:00,/dev/cu.usbserial-576B0005451,"RX,1770430,R7,TXB,N16,90,98974,B,1,0.90,0.80,30,U,-50,9.75"
RX,1770523,R7,TXA,N01,100,109789,A,1,0.3,0.25,30.0,R,-53.0,9.75,True,,2026-06-23T17:17:13.252+00:00,/dev/cu.usbserial-576B0005451,"RX,1770523,R7,TXA,N01,100,109789,A,1,0.30,0.25,30,R,-53,9.75"
RX,1771514,R7,TXB,N16,91,100057,B,1,0.9,0.8,30.0,U,-50.0,9.25,True,,2026-06-23T17:17:14.242+00:00,/dev/cu.usbserial-576B0005451,"RX,1771514,R7,TXB,N16,91,100057,B,1,0.90,0.80,30,U,-50,9.25"
RX,1771606,R7,TXA,N01,101,110872,A,1,0.3,0.25,30.0,R,-51.0,9.5,True,,2026-06-23T17:17:14.334+00:00,/dev/cu.usbserial-576B0005451,"RX,1771606,R7,TXA,N01,101,110872,A,1,0.30,0.25,30,R,-51,9.50"
RX,1772597,R7,TXB,N16,92,101140,B,1,0.9,0.8,30.0,U,-50.0,9.25,True,,2026-06-23T17:17:15.325+00:00,/dev/cu.usbserial-576B0005451,"RX,1772597,R7,TXB,N16,92,101140,B,1,0.90,0.80,30,U,-50,9.25"
RX,1772689,R7,TXA,N01,102,111955,A,1,0.3,0.25,30.0,R,-55.0,9.5,True,,2026-06-23T17:17:15.418+00:00,/dev/cu.usbserial-576B0005451,"RX,1772689,R7,TXA,N01,102,111955,A,1,0.30,0.25,30,R,-55,9.50"
RX,1773680,R7,TXB,N16,93,102223,B,1,0.9,0.8,30.0,U,-49.0,10.0,True,,2026-06-23T17:17:16.408+00:00,/dev/cu.usbserial-576B0005451,"RX,1773680,R7,TXB,N16,93,102223,B,1,0.90,0.80,30,U,-49,10.00"
RX,1773772,R7,TXA,N01,103,113038,A,1,0.3,0.25,30.0,R,-50.0,9.5,True,,2026-06-23T17:17:16.501+00:00,/dev/cu.usbserial-576B0005451,"RX,1773772,R7,TXA,N01,103,113038,A,1,0.30,0.25,30,R,-50,9.50"
RX,1774763,R7,TXB,N16,94,103306,B,1,0.9,0.8,30.0,U,-50.0,9.25,True,,2026-06-23T17:17:17.491+00:00,/dev/cu.usbserial-576B0005451,"RX,1774763,R7,TXB,N16,94,103306,B,1,0.90,0.80,30,U,-50,9.25"
RX,1775846,R7,TXB,N16,95,104389,B,1,0.9,0.8,30.0,U,-52.0,9.75,True,,2026-06-23T17:17:18.574+00:00,/dev/cu.usbserial-576B0005451,"RX,1775846,R7,TXB,N16,95,104389,B,1,0.90,0.80,30,U,-52,9.75"
RX,1775938,R7,TXA,N01,105,115204,A,1,0.3,0.25,30.0,R,-54.0,9.25,True,,2026-06-23T17:17:18.667+00:00,/dev/cu.usbserial-576B0005451,"RX,1775938,R7,TXA,N01,105,115204,A,1,0.30,0.25,30,R,-54,9.25"
RX,1776929,R7,TXB,N16,96,105472,B,1,0.9,0.8,30.0,U,-53.0,11.75,True,,2026-06-23T17:17:19.657+00:00,/dev/cu.usbserial-576B0005451,"RX,1776929,R7,TXB,N16,96,105472,B,1,0.90,0.80,30,U,-53,11.75"
RX,1777021,R7,TXA,N01,106,116287,A,1,0.3,0.25,30.0,R,-50.0,9.75,True,,2026-06-23T17:17:19.750+00:00,/dev/cu.usbserial-576B0005451,"RX,1777021,R7,TXA,N01,106,116287,A,1,0.30,0.25,30,R,-50,9.75"
RX,1778012,R7,TXB,N16,97,106555,B,1,0.9,0.8,30.0,U,-53.0,9.25,True,,2026-06-23T17:17:20.740+00:00,/dev/cu.usbserial-576B0005451,"RX,1778012,R7,TXB,N16,97,106555,B,1,0.90,0.80,30,U,-53,9.25"
RX,1778104,R7,TXA,N01,107,117370,A,1,0.3,0.25,30.0,R,-52.0,9.75,True,,2026-06-23T17:17:20.833+00:00,/dev/cu.usbserial-576B0005451,"RX,1778104,R7,TXA,N01,107,117370,A,1,0.30,0.25,30,R,-52,9.75"
RX,1779095,R7,TXB,N16,98,107638,B,1,0.9,0.8,30.0,U,-53.0,9.5,True,,2026-06-23T17:17:21.823+00:00,/dev/cu.usbserial-576B0005451,"RX,1779095,R7,TXB,N16,98,107638,B,1,0.90,0.80,30,U,-53,9.50"
RX,1779187,R7,TXA,N01,108,118453,A,1,0.3,0.25,30.0,R,-53.0,9.75,True,,2026-06-23T17:17:21.916+00:00,/dev/cu.usbserial-576B0005451,"RX,1779187,R7,TXA,N01,108,118453,A,1,0.30,0.25,30,R,-53,9.75"
RX,1780178,R7,TXB,N16,99,108721,B,1,0.9,0.8,30.0,U,-53.0,9.5,True,,2026-06-23T17:17:22.906+00:00,/dev/cu.usbserial-576B0005451,"RX,1780178,R7,TXB,N16,99,108721,B,1,0.90,0.80,30,U,-53,9.50"
RX,1780270,R7,TXA,N01,109,119536,A,1,0.3,0.25,30.0,R,-52.0,10.25,True,,2026-06-23T17:17:22.999+00:00,/dev/cu.usbserial-576B0005451,"RX,1780270,R7,TXA,N01,109,119536,A,1,0.30,0.25,30,R,-52,10.25"
RX,1781261,R7,TXB,N16,100,109804,B,1,0.9,0.8,30.0,U,-53.0,9.75,True,,2026-06-23T17:17:23.989+00:00,/dev/cu.usbserial-576B0005451,"RX,1781261,R7,TXB,N16,100,109804,B,1,0.90,0.80,30,U,-53,9.75"
RX,1781353,R7,TXA,N01,110,120619,A,1,0.3,0.25,30.0,R,-52.0,9.5,True,,2026-06-23T17:17:24.082+00:00,/dev/cu.usbserial-576B0005451,"RX,1781353,R7,TXA,N01,110,120619,A,1,0.30,0.25,30,R,-52,9.50"
RX,1782344,R7,TXB,N16,101,110887,B,1,0.9,0.8,30.0,U,-53.0,9.5,True,,2026-06-23T17:17:25.072+00:00,/dev/cu.usbserial-576B0005451,"RX,1782344,R7,TXB,N16,101,110887,B,1,0.90,0.80,30,U,-53,9.50"
RX,1782436,R7,TXA,N01,111,121702,A,1,0.3,0.25,30.0,R,-53.0,9.75,True,,2026-06-23T17:17:25.165+00:00,/dev/cu.usbserial-576B0005451,"RX,1782436,R7,TXA,N01,111,121702,A,1,0.30,0.25,30,R,-53,9.75"
RX,1783427,R7,TXB,N16,102,111970,B,1,0.9,0.8,30.0,U,-53.0,9.75,True,,2026-06-23T17:17:26.155+00:00,/dev/cu.usbserial-576B0005451,"RX,1783427,R7,TXB,N16,102,111970,B,1,0.90,0.80,30,U,-53,9.75"
RX,1783519,R7,TXA,N01,112,122785,A,1,0.3,0.25,30.0,R,-53.0,9.75,True,,2026-06-23T17:17:26.247+00:00,/dev/cu.usbserial-576B0005451,"RX,1783519,R7,TXA,N01,112,122785,A,1,0.30,0.25,30,R,-53,9.75"
RX,1784510,R7,TXB,N16,103,113053,B,1,0.9,0.8,30.0,U,-51.0,9.5,True,,2026-06-23T17:17:27.238+00:00,/dev/cu.usbserial-576B0005451,"RX,1784510,R7,TXB,N16,103,113053,B,1,0.90,0.80,30,U,-51,9.50"
RX,1784602,R7,TXA,N01,113,123868,A,1,0.3,0.25,30.0,R,-50.0,9.5,True,,2026-06-23T17:17:27.330+00:00,/dev/cu.usbserial-576B0005451,"RX,1784602,R7,TXA,N01,113,123868,A,1,0.30,0.25,30,R,-50,9.50"
RX,1785593,R7,TXB,N16,104,114136,B,1,0.9,0.8,30.0,U,-55.0,9.75,True,,2026-06-23T17:17:28.321+00:00,/dev/cu.usbserial-576B0005451,"RX,1785593,R7,TXB,N16,104,114136,B,1,0.90,0.80,30,U,-55,9.75"
RX,1785685,R7,TXA,N01,114,124951,A,1,0.3,0.25,30.0,R,-46.0,9.75,True,,2026-06-23T17:17:28.414+00:00,/dev/cu.usbserial-576B0005451,"RX,1785685,R7,TXA,N01,114,124951,A,1,0.30,0.25,30,R,-46,9.75"
RX,1786676,R7,TXB,N16,105,115219,B,1,0.9,0.8,30.0,U,-54.0,9.25,True,,2026-06-23T17:17:29.404+00:00,/dev/cu.usbserial-576B0005451,"RX,1786676,R7,TXB,N16,105,115219,B,1,0.90,0.80,30,U,-54,9.25"
RX,1786768,R7,TXA,N01,115,126034,A,1,0.3,0.25,30.0,R,-52.0,9.5,True,,2026-06-23T17:17:29.497+00:00,/dev/cu.usbserial-576B0005451,"RX,1786768,R7,TXA,N01,115,126034,A,1,0.30,0.25,30,R,-52,9.50"
RX,1787759,R7,TXB,N16,106,116302,B,1,0.9,0.8,30.0,U,-54.0,9.5,True,,2026-06-23T17:17:30.487+00:00,/dev/cu.usbserial-576B0005451,"RX,1787759,R7,TXB,N16,106,116302,B,1,0.90,0.80,30,U,-54,9.50"
RX,1787851,R7,TXA,N01,116,127117,A,1,0.3,0.25,30.0,R,-50.0,9.75,True,,2026-06-23T17:17:30.580+00:00,/dev/cu.usbserial-576B0005451,"RX,1787851,R7,TXA,N01,116,127117,A,1,0.30,0.25,30,R,-50,9.75"
RX,1788842,R7,TXB,N16,107,117385,B,1,0.9,0.8,30.0,U,-53.0,9.5,True,,2026-06-23T17:17:31.570+00:00,/dev/cu.usbserial-576B0005451,"RX,1788842,R7,TXB,N16,107,117385,B,1,0.90,0.80,30,U,-53,9.50"
RX,1788934,R7,TXA,N01,117,128200,A,1,0.3,0.25,30.0,R,-49.0,9.75,True,,2026-06-23T17:17:31.663+00:00,/dev/cu.usbserial-576B0005451,"RX,1788934,R7,TXA,N01,117,128200,A,1,0.30,0.25,30,R,-49,9.75"
RX,1789925,R7,TXB,N16,108,118468,B,1,0.9,0.8,30.0,U,-54.0,9.5,True,,2026-06-23T17:17:32.653+00:00,/dev/cu.usbserial-576B0005451,"RX,1789925,R7,TXB,N16,108,118468,B,1,0.90,0.80,30,U,-54,9.50"
RX,1790017,R7,TXA,N01,118,129283,A,1,0.3,0.25,30.0,R,-50.0,9.75,True,,2026-06-23T17:17:32.746+00:00,/dev/cu.usbserial-576B0005451,"RX,1790017,R7,TXA,N01,118,129283,A,1,0.30,0.25,30,R,-50,9.75"
RX,1791008,R7,TXB,N16,109,119551,B,1,0.9,0.8,30.0,U,-54.0,9.75,True,,2026-06-23T17:17:33.736+00:00,/dev/cu.usbserial-576B0005451,"RX,1791008,R7,TXB,N16,109,119551,B,1,0.90,0.80,30,U,-54,9.75"
RX,1791100,R7,TXA,N01,119,130366,A,1,0.3,0.25,30.0,R,-50.0,9.75,True,,2026-06-23T17:17:33.829+00:00,/dev/cu.usbserial-576B0005451,"RX,1791100,R7,TXA,N01,119,130366,A,1,0.30,0.25,30,R,-50,9.75"
RX,1792091,R7,TXB,N16,110,120634,B,1,0.9,0.8,30.0,U,-53.0,9.75,True,,2026-06-23T17:17:34.819+00:00,/dev/cu.usbserial-576B0005451,"RX,1792091,R7,TXB,N16,110,120634,B,1,0.90,0.80,30,U,-53,9.75"
RX,1792183,R7,TXA,N01,120,131449,A,1,0.3,0.25,30.0,R,-51.0,10.0,True,,2026-06-23T17:17:34.912+00:00,/dev/cu.usbserial-576B0005451,"RX,1792183,R7,TXA,N01,120,131449,A,1,0.30,0.25,30,R,-51,10.00"
RX,1793174,R7,TXB,N16,111,121717,B,1,0.9,0.8,30.0,U,-53.0,9.75,True,,2026-06-23T17:17:35.902+00:00,/dev/cu.usbserial-576B0005451,"RX,1793174,R7,TXB,N16,111,121717,B,1,0.90,0.80,30,U,-53,9.75"
RX,1793266,R7,TXA,N01,121,132532,A,1,0.3,0.25,30.0,R,-54.0,9.25,True,,2026-06-23T17:17:35.994+00:00,/dev/cu.usbserial-576B0005451,"RX,1793266,R7,TXA,N01,121,132532,A,1,0.30,0.25,30,R,-54,9.25"
RX,1794257,R7,TXB,N16,112,122800,B,1,0.9,0.8,30.0,U,-53.0,9.75,True,,2026-06-23T17:17:36.985+00:00,/dev/cu.usbserial-576B0005451,"RX,1794257,R7,TXB,N16,112,122800,B,1,0.90,0.80,30,U,-53,9.75"
RX,1794349,R7,TXA,N01,122,133615,A,1,0.3,0.25,30.0,R,-55.0,9.75,True,,2026-06-23T17:17:37.078+00:00,/dev/cu.usbserial-576B0005451,"RX,1794349,R7,TXA,N01,122,133615,A,1,0.30,0.25,30,R,-55,9.75"
RX,1795340,R7,TXB,N16,113,123883,B,1,0.9,0.8,30.0,U,-52.0,10.25,True,,2026-06-23T17:17:38.069+00:00,/dev/cu.usbserial-576B0005451,"RX,1795340,R7,TXB,N16,113,123883,B,1,0.90,0.80,30,U,-52,10.25"
RX,1795432,R7,TXA,N01,123,134698,A,1,0.3,0.25,30.0,R,-53.0,9.0,True,,2026-06-23T17:17:38.161+00:00,/dev/cu.usbserial-576B0005451,"RX,1795432,R7,TXA,N01,123,134698,A,1,0.30,0.25,30,R,-53,9.00"
RX,1796423,R7,TXB,N16,114,124966,B,1,0.9,0.8,30.0,U,-52.0,9.75,True,,2026-06-23T17:17:39.151+00:00,/dev/cu.usbserial-576B0005451,"RX,1796423,R7,TXB,N16,114,124966,B,1,0.90,0.80,30,U,-52,9.75"
RX,1796515,R7,TXA,N01,124,135781,A,1,0.3,0.25,30.0,R,-52.0,10.0,True,,2026-06-23T17:17:39.244+00:00,/dev/cu.usbserial-576B0005451,"RX,1796515,R7,TXA,N01,124,135781,A,1,0.30,0.25,30,R,-52,10.00"
RX,1797506,R7,TXB,N16,115,126049,B,1,0.9,0.8,30.0,U,-52.0,9.75,True,,2026-06-23T17:17:40.234+00:00,/dev/cu.usbserial-576B0005451,"RX,1797506,R7,TXB,N16,115,126049,B,1,0.90,0.80,30,U,-52,9.75"
RX,1797598,R7,TXA,N01,125,136864,A,1,0.3,0.25,30.0,R,-53.0,9.25,True,,2026-06-23T17:17:40.327+00:00,/dev/cu.usbserial-576B0005451,"RX,1797598,R7,TXA,N01,125,136864,A,1,0.30,0.25,30,R,-53,9.25"
RX,1798589,R7,TXB,N16,116,127132,B,1,0.9,0.8,30.0,U,-47.0,9.75,True,,2026-06-23T17:17:41.317+00:00,/dev/cu.usbserial-576B0005451,"RX,1798589,R7,TXB,N16,116,127132,B,1,0.90,0.80,30,U,-47,9.75"
RX,1798681,R7,TXA,N01,126,137947,A,1,0.3,0.25,30.0,R,-43.0,9.25,True,,2026-06-23T17:17:41.410+00:00,/dev/cu.usbserial-576B0005451,"RX,1798681,R7,TXA,N01,126,137947,A,1,0.30,0.25,30,R,-43,9.25"
RX,1799672,R7,TXB,N16,117,128215,B,1,0.9,0.8,30.0,U,-49.0,10.0,True,,2026-06-23T17:17:42.400+00:00,/dev/cu.usbserial-576B0005451,"RX,1799672,R7,TXB,N16,117,128215,B,1,0.90,0.80,30,U,-49,10.00"
RX,1799764,R7,TXA,N01,127,139030,A,1,0.3,0.25,30.0,R,-43.0,9.75,True,,2026-06-23T17:17:42.492+00:00,/dev/cu.usbserial-576B0005451,"RX,1799764,R7,TXA,N01,127,139030,A,1,0.30,0.25,30,R,-43,9.75"
RX,1800755,R7,TXB,N16,118,129298,B,1,0.9,0.8,30.0,U,-54.0,9.25,True,,2026-06-23T17:17:43.483+00:00,/dev/cu.usbserial-576B0005451,"RX,1800755,R7,TXB,N16,118,129298,B,1,0.90,0.80,30,U,-54,9.25"
RX,1800847,R7,TXA,N01,128,140113,A,1,0.3,0.25,30.0,R,-42.0,9.75,True,,2026-06-23T17:17:43.576+00:00,/dev/cu.usbserial-576B0005451,"RX,1800847,R7,TXA,N01,128,140113,A,1,0.30,0.25,30,R,-42,9.75"
RX,1801838,R7,TXB,N16,119,130381,B,1,0.9,0.8,30.0,U,-54.0,9.75,True,,2026-06-23T17:17:44.566+00:00,/dev/cu.usbserial-576B0005451,"RX,1801838,R7,TXB,N16,119,130381,B,1,0.90,0.80,30,U,-54,9.75"
RX,1801930,R7,TXA,N01,129,141196,A,1,0.3,0.25,30.0,R,-44.0,9.5,True,,2026-06-23T17:17:44.659+00:00,/dev/cu.usbserial-576B0005451,"RX,1801930,R7,TXA,N01,129,141196,A,1,0.30,0.25,30,R,-44,9.50"
RX,1802921,R7,TXB,N16,120,131464,B,1,0.9,0.8,30.0,U,-52.0,10.5,True,,2026-06-23T17:17:45.649+00:00,/dev/cu.usbserial-576B0005451,"RX,1802921,R7,TXB,N16,120,131464,B,1,0.90,0.80,30,U,-52,10.50"
RX,1803013,R7,TXA,N01,130,142279,A,1,0.3,0.25,30.0,R,-47.0,9.75,True,,2026-06-23T17:17:45.742+00:00,/dev/cu.usbserial-576B0005451,"RX,1803013,R7,TXA,N01,130,142279,A,1,0.30,0.25,30,R,-47,9.75"
RX,1804004,R7,TXB,N16,121,132547,B,1,0.9,0.8,30.0,U,-55.0,9.75,True,,2026-06-23T17:17:46.732+00:00,/dev/cu.usbserial-576B0005451,"RX,1804004,R7,TXB,N16,121,132547,B,1,0.90,0.80,30,U,-55,9.75"
RX,1804096,R7,TXA,N01,131,143362,A,1,0.3,0.25,30.0,R,-44.0,10.0,True,,2026-06-23T17:17:46.825+00:00,/dev/cu.usbserial-576B0005451,"RX,1804096,R7,TXA,N01,131,143362,A,1,0.30,0.25,30,R,-44,10.00"
RX,1805087,R7,TXB,N16,122,133630,B,1,0.9,0.8,30.0,U,-53.0,9.75,True,,2026-06-23T17:17:47.815+00:00,/dev/cu.usbserial-576B0005451,"RX,1805087,R7,TXB,N16,122,133630,B,1,0.90,0.80,30,U,-53,9.75"
RX,1805179,R7,TXA,N01,132,144445,A,1,0.3,0.25,30.0,R,-45.0,10.0,True,,2026-06-23T17:17:47.908+00:00,/dev/cu.usbserial-576B0005451,"RX,1805179,R7,TXA,N01,132,144445,A,1,0.30,0.25,30,R,-45,10.00"
RX,1806170,R7,TXB,N16,123,134713,B,1,0.9,0.8,30.0,U,-54.0,9.5,True,,2026-06-23T17:17:48.898+00:00,/dev/cu.usbserial-576B0005451,"RX,1806170,R7,TXB,N16,123,134713,B,1,0.90,0.80,30,U,-54,9.50"
RX,1806262,R7,TXA,N01,133,145528,A,1,0.3,0.25,30.0,R,-45.0,9.75,True,,2026-06-23T17:17:48.991+00:00,/dev/cu.usbserial-576B0005451,"RX,1806262,R7,TXA,N01,133,145528,A,1,0.30,0.25,30,R,-45,9.75"
RX,1807253,R7,TXB,N16,124,135796,B,1,0.9,0.8,30.0,U,-57.0,9.5,True,,2026-06-23T17:17:49.981+00:00,/dev/cu.usbserial-576B0005451,"RX,1807253,R7,TXB,N16,124,135796,B,1,0.90,0.80,30,U,-57,9.50"
RX,1807345,R7,TXA,N01,134,146611,A,1,0.3,0.25,30.0,R,-44.0,9.75,True,,2026-06-23T17:17:50.077+00:00,/dev/cu.usbserial-576B0005451,"RX,1807345,R7,TXA,N01,134,146611,A,1,0.30,0.25,30,R,-44,9.75"
RX,1808336,R7,TXB,N16,125,136879,B,1,0.9,0.8,30.0,U,-57.0,10.0,True,,2026-06-23T17:17:51.064+00:00,/dev/cu.usbserial-576B0005451,"RX,1808336,R7,TXB,N16,125,136879,B,1,0.90,0.80,30,U,-57,10.00"
RX,1808428,R7,TXA,N01,135,147694,A,1,0.3,0.25,30.0,R,-44.0,9.5,True,,2026-06-23T17:17:51.157+00:00,/dev/cu.usbserial-576B0005451,"RX,1808428,R7,TXA,N01,135,147694,A,1,0.30,0.25,30,R,-44,9.50"
RX,1809419,R7,TXB,N16,126,137962,B,1,0.9,0.8,30.0,U,-56.0,9.5,True,,2026-06-23T17:17:52.147+00:00,/dev/cu.usbserial-576B0005451,"RX,1809419,R7,TXB,N16,126,137962,B,1,0.90,0.80,30,U,-56,9.50"
RX,1809511,R7,TXA,N01,136,148777,A,1,0.3,0.25,30.0,R,-45.0,9.75,True,,2026-06-23T17:17:52.240+00:00,/dev/cu.usbserial-576B0005451,"RX,1809511,R7,TXA,N01,136,148777,A,1,0.30,0.25,30,R,-45,9.75"
RX,1810502,R7,TXB,N16,127,139045,B,1,0.9,0.8,30.0,U,-55.0,9.75,True,,2026-06-23T17:17:53.230+00:00,/dev/cu.usbserial-576B0005451,"RX,1810502,R7,TXB,N16,127,139045,B,1,0.90,0.80,30,U,-55,9.75"
RX,1810594,R7,TXA,N01,137,149860,A,1,0.3,0.25,30.0,R,-44.0,10.0,True,,2026-06-23T17:17:53.323+00:00,/dev/cu.usbserial-576B0005451,"RX,1810594,R7,TXA,N01,137,149860,A,1,0.30,0.25,30,R,-44,10.00"
RX,1811585,R7,TXB,N16,128,140128,B,1,0.9,0.8,30.0,U,-57.0,9.75,True,,2026-06-23T17:17:54.313+00:00,/dev/cu.usbserial-576B0005451,"RX,1811585,R7,TXB,N16,128,140128,B,1,0.90,0.80,30,U,-57,9.75"
RX,1811677,R7,TXA,N01,138,150943,A,1,0.3,0.25,30.0,R,-44.0,9.75,True,,2026-06-23T17:17:54.406+00:00,/dev/cu.usbserial-576B0005451,"RX,1811677,R7,TXA,N01,138,150943,A,1,0.30,0.25,30,R,-44,9.75"
RX,1812668,R7,TXB,N16,129,141211,B,1,0.9,0.8,30.0,U,-56.0,9.75,True,,2026-06-23T17:17:55.396+00:00,/dev/cu.usbserial-576B0005451,"RX,1812668,R7,TXB,N16,129,141211,B,1,0.90,0.80,30,U,-56,9.75"
RX,1812760,R7,TXA,N01,139,152026,A,1,0.3,0.25,30.0,R,-44.0,9.5,True,,2026-06-23T17:17:55.488+00:00,/dev/cu.usbserial-576B0005451,"RX,1812760,R7,TXA,N01,139,152026,A,1,0.30,0.25,30,R,-44,9.50"
RX,1813751,R7,TXB,N16,130,142294,B,1,0.9,0.8,30.0,U,-56.0,9.75,True,,2026-06-23T17:17:56.479+00:00,/dev/cu.usbserial-576B0005451,"RX,1813751,R7,TXB,N16,130,142294,B,1,0.90,0.80,30,U,-56,9.75"
RX,1813843,R7,TXA,N01,140,153109,A,1,0.3,0.25,30.0,R,-44.0,9.75,True,,2026-06-23T17:17:56.572+00:00,/dev/cu.usbserial-576B0005451,"RX,1813843,R7,TXA,N01,140,153109,A,1,0.30,0.25,30,R,-44,9.75"
RX,1814834,R7,TXB,N16,131,143377,B,1,0.9,0.8,30.0,U,-55.0,9.75,True,,2026-06-23T17:17:57.562+00:00,/dev/cu.usbserial-576B0005451,"RX,1814834,R7,TXB,N16,131,143377,B,1,0.90,0.80,30,U,-55,9.75"
RX,1814926,R7,TXA,N01,141,154192,A,1,0.3,0.25,30.0,R,-44.0,9.75,True,,2026-06-23T17:17:57.655+00:00,/dev/cu.usbserial-576B0005451,"RX,1814926,R7,TXA,N01,141,154192,A,1,0.30,0.25,30,R,-44,9.75"
RX,1815917,R7,TXB,N16,132,144460,B,1,0.9,0.8,30.0,U,-58.0,10.5,True,,2026-06-23T17:17:58.645+00:00,/dev/cu.usbserial-576B0005451,"RX,1815917,R7,TXB,N16,132,144460,B,1,0.90,0.80,30,U,-58,10.50"
RX,1816009,R7,TXA,N01,142,155275,A,1,0.3,0.25,30.0,R,-44.0,9.25,True,,2026-06-23T17:17:58.738+00:00,/dev/cu.usbserial-576B0005451,"RX,1816009,R7,TXA,N01,142,155275,A,1,0.30,0.25,30,R,-44,9.25"
RX,1817000,R7,TXB,N16,133,145543,B,1,0.9,0.8,30.0,U,-55.0,10.0,True,,2026-06-23T17:17:59.728+00:00,/dev/cu.usbserial-576B0005451,"RX,1817000,R7,TXB,N16,133,145543,B,1,0.90,0.80,30,U,-55,10.00"
RX,1817092,R7,TXA,N01,143,156358,A,1,0.3,0.25,30.0,R,-43.0,9.25,True,,2026-06-23T17:17:59.821+00:00,/dev/cu.usbserial-576B0005451,"RX,1817092,R7,TXA,N01,143,156358,A,1,0.30,0.25,30,R,-43,9.25"
RX,1818083,R7,TXB,N16,134,146626,B,1,0.9,0.8,30.0,U,-56.0,10.25,True,,2026-06-23T17:18:00.811+00:00,/dev/cu.usbserial-576B0005451,"RX,1818083,R7,TXB,N16,134,146626,B,1,0.90,0.80,30,U,-56,10.25"
RX,1818175,R7,TXA,N01,144,157441,A,1,0.3,0.25,30.0,R,-43.0,9.5,True,,2026-06-23T17:18:00.903+00:00,/dev/cu.usbserial-576B0005451,"RX,1818175,R7,TXA,N01,144,157441,A,1,0.30,0.25,30,R,-43,9.50"
RX,1819166,R7,TXB,N16,135,147709,B,1,0.9,0.8,30.0,U,-59.0,9.5,True,,2026-06-23T17:18:01.894+00:00,/dev/cu.usbserial-576B0005451,"RX,1819166,R7,TXB,N16,135,147709,B,1,0.90,0.80,30,U,-59,9.50"
RX,1819258,R7,TXA,N01,145,158524,A,1,0.3,0.25,30.0,R,-43.0,10.0,True,,2026-06-23T17:18:01.987+00:00,/dev/cu.usbserial-576B0005451,"RX,1819258,R7,TXA,N01,145,158524,A,1,0.30,0.25,30,R,-43,10.00"
RX,1820249,R7,TXB,N16,136,148792,B,1,0.9,0.8,30.0,U,-55.0,10.0,True,,2026-06-23T17:18:02.977+00:00,/dev/cu.usbserial-576B0005451,"RX,1820249,R7,TXB,N16,136,148792,B,1,0.90,0.80,30,U,-55,10.00"
RX,1820341,R7,TXA,N01,146,159607,A,1,0.3,0.25,30.0,R,-43.0,9.0,True,,2026-06-23T17:18:03.070+00:00,/dev/cu.usbserial-576B0005451,"RX,1820341,R7,TXA,N01,146,159607,A,1,0.30,0.25,30,R,-43,9.00"
RX,1821332,R7,TXB,N16,137,149875,B,1,0.9,0.8,30.0,U,-56.0,9.5,True,,2026-06-23T17:18:04.060+00:00,/dev/cu.usbserial-576B0005451,"RX,1821332,R7,TXB,N16,137,149875,B,1,0.90,0.80,30,U,-56,9.50"
RX,1821424,R7,TXA,N01,147,160690,A,1,0.3,0.25,30.0,R,-43.0,10.0,True,,2026-06-23T17:18:04.153+00:00,/dev/cu.usbserial-576B0005451,"RX,1821424,R7,TXA,N01,147,160690,A,1,0.30,0.25,30,R,-43,10.00"
RX,1822415,R7,TXB,N16,138,150958,B,1,0.9,0.8,30.0,U,-56.0,10.25,True,,2026-06-23T17:18:05.143+00:00,/dev/cu.usbserial-576B0005451,"RX,1822415,R7,TXB,N16,138,150958,B,1,0.90,0.80,30,U,-56,10.25"
RX,1822507,R7,TXA,N01,148,161773,A,1,0.3,0.25,30.0,R,-43.0,9.5,True,,2026-06-23T17:18:05.236+00:00,/dev/cu.usbserial-576B0005451,"RX,1822507,R7,TXA,N01,148,161773,A,1,0.30,0.25,30,R,-43,9.50"
RX,1823498,R7,TXB,N16,139,152041,B,1,0.9,0.8,30.0,U,-56.0,10.0,True,,2026-06-23T17:18:06.226+00:00,/dev/cu.usbserial-576B0005451,"RX,1823498,R7,TXB,N16,139,152041,B,1,0.90,0.80,30,U,-56,10.00"
RX,1823590,R7,TXA,N01,149,162856,A,1,0.3,0.25,30.0,R,-43.0,9.25,True,,2026-06-23T17:18:06.319+00:00,/dev/cu.usbserial-576B0005451,"RX,1823590,R7,TXA,N01,149,162856,A,1,0.30,0.25,30,R,-43,9.25"
RX,1824581,R7,TXB,N16,140,153124,B,1,0.9,0.8,30.0,U,-56.0,9.75,True,,2026-06-23T17:18:07.309+00:00,/dev/cu.usbserial-576B0005451,"RX,1824581,R7,TXB,N16,140,153124,B,1,0.90,0.80,30,U,-56,9.75"
RX,1824673,R7,TXA,N01,150,163939,A,1,0.3,0.25,30.0,R,-43.0,9.75,True,,2026-06-23T17:18:07.402+00:00,/dev/cu.usbserial-576B0005451,"RX,1824673,R7,TXA,N01,150,163939,A,1,0.30,0.25,30,R,-43,9.75"
RX,1825664,R7,TXB,N16,141,154207,B,1,0.9,0.8,30.0,U,-56.0,9.75,True,,2026-06-23T17:18:08.392+00:00,/dev/cu.usbserial-576B0005451,"RX,1825664,R7,TXB,N16,141,154207,B,1,0.90,0.80,30,U,-56,9.75"
RX,1825756,R7,TXA,N01,151,165022,A,1,0.3,0.25,30.0,R,-42.0,9.75,True,,2026-06-23T17:18:08.485+00:00,/dev/cu.usbserial-576B0005451,"RX,1825756,R7,TXA,N01,151,165022,A,1,0.30,0.25,30,R,-42,9.75"
RX,1826747,R7,TXB,N16,142,155290,B,1,0.9,0.8,30.0,U,-56.0,9.75,True,,2026-06-23T17:18:09.475+00:00,/dev/cu.usbserial-576B0005451,"RX,1826747,R7,TXB,N16,142,155290,B,1,0.90,0.80,30,U,-56,9.75"
RX,1826839,R7,TXA,N01,152,166105,A,1,0.3,0.25,30.0,R,-43.0,9.75,True,,2026-06-23T17:18:09.568+00:00,/dev/cu.usbserial-576B0005451,"RX,1826839,R7,TXA,N01,152,166105,A,1,0.30,0.25,30,R,-43,9.75"
RX,1827830,R7,TXB,N16,143,156373,B,1,0.9,0.8,30.0,U,-56.0,9.5,True,,2026-06-23T17:18:10.558+00:00,/dev/cu.usbserial-576B0005451,"RX,1827830,R7,TXB,N16,143,156373,B,1,0.90,0.80,30,U,-56,9.50"
RX,1827922,R7,TXA,N01,153,167188,A,1,0.3,0.25,30.0,R,-43.0,9.5,True,,2026-06-23T17:18:10.651+00:00,/dev/cu.usbserial-576B0005451,"RX,1827922,R7,TXA,N01,153,167188,A,1,0.30,0.25,30,R,-43,9.50"
RX,1828913,R7,TXB,N16,144,157456,B,1,0.9,0.8,30.0,U,-56.0,9.75,True,,2026-06-23T17:18:11.641+00:00,/dev/cu.usbserial-576B0005451,"RX,1828913,R7,TXB,N16,144,157456,B,1,0.90,0.80,30,U,-56,9.75"
RX,1829005,R7,TXA,N01,154,168271,A,1,0.3,0.25,30.0,R,-43.0,9.5,True,,2026-06-23T17:18:11.734+00:00,/dev/cu.usbserial-576B0005451,"RX,1829005,R7,TXA,N01,154,168271,A,1,0.30,0.25,30,R,-43,9.50"
RX,1829996,R7,TXB,N16,145,158539,B,1,0.9,0.8,30.0,U,-56.0,9.5,True,,2026-06-23T17:18:12.724+00:00,/dev/cu.usbserial-576B0005451,"RX,1829996,R7,TXB,N16,145,158539,B,1,0.90,0.80,30,U,-56,9.50"
RX,1830088,R7,TXA,N01,155,169354,A,1,0.3,0.25,30.0,R,-43.0,9.5,True,,2026-06-23T17:18:12.817+00:00,/dev/cu.usbserial-576B0005451,"RX,1830088,R7,TXA,N01,155,169354,A,1,0.30,0.25,30,R,-43,9.50"
RX,1831079,R7,TXB,N16,146,159622,B,1,0.9,0.8,30.0,U,-56.0,9.75,True,,2026-06-23T17:18:13.807+00:00,/dev/cu.usbserial-576B0005451,"RX,1831079,R7,TXB,N16,146,159622,B,1,0.90,0.80,30,U,-56,9.75"
RX,1831171,R7,TXA,N01,156,170437,A,1,0.3,0.25,30.0,R,-43.0,9.25,True,,2026-06-23T17:18:13.900+00:00,/dev/cu.usbserial-576B0005451,"RX,1831171,R7,TXA,N01,156,170437,A,1,0.30,0.25,30,R,-43,9.25"
RX,1832162,R7,TXB,N16,147,160705,B,1,0.9,0.8,30.0,U,-56.0,10.0,True,,2026-06-23T17:18:14.890+00:00,/dev/cu.usbserial-576B0005451,"RX,1832162,R7,TXB,N16,147,160705,B,1,0.90,0.80,30,U,-56,10.00"
RX,1832254,R7,TXA,N01,157,171520,A,1,0.3,0.25,30.0,R,-43.0,9.5,True,,2026-06-23T17:18:14.982+00:00,/dev/cu.usbserial-576B0005451,"RX,1832254,R7,TXA,N01,157,171520,A,1,0.30,0.25,30,R,-43,9.50"
RX,1833245,R7,TXB,N16,148,161788,B,1,0.9,0.8,30.0,U,-56.0,10.0,True,,2026-06-23T17:18:15.974+00:00,/dev/cu.usbserial-576B0005451,"RX,1833245,R7,TXB,N16,148,161788,B,1,0.90,0.80,30,U,-56,10.00"
RX,1833337,R7,TXA,N01,158,172603,A,1,0.3,0.25,30.0,R,-43.0,9.5,True,,2026-06-23T17:18:16.066+00:00,/dev/cu.usbserial-576B0005451,"RX,1833337,R7,TXA,N01,158,172603,A,1,0.30,0.25,30,R,-43,9.50"
RX,1834328,R7,TXB,N16,149,162871,B,1,0.9,0.8,30.0,U,-56.0,9.75,True,,2026-06-23T17:18:17.057+00:00,/dev/cu.usbserial-576B0005451,"RX,1834328,R7,TXB,N16,149,162871,B,1,0.90,0.80,30,U,-56,9.75"
RX,1834420,R7,TXA,N01,159,173686,A,1,0.3,0.25,30.0,R,-43.0,9.25,True,,2026-06-23T17:18:17.149+00:00,/dev/cu.usbserial-576B0005451,"RX,1834420,R7,TXA,N01,159,173686,A,1,0.30,0.25,30,R,-43,9.25"
RX,1835411,R7,TXB,N16,150,163954,B,1,0.9,0.8,30.0,U,-56.0,9.75,True,,2026-06-23T17:18:18.139+00:00,/dev/cu.usbserial-576B0005451,"RX,1835411,R7,TXB,N16,150,163954,B,1,0.90,0.80,30,U,-56,9.75"
RX,1835503,R7,TXA,N01,160,174769,A,1,0.3,0.25,30.0,R,-43.0,9.25,True,,2026-06-23T17:18:18.232+00:00,/dev/cu.usbserial-576B0005451,"RX,1835503,R7,TXA,N01,160,174769,A,1,0.30,0.25,30,R,-43,9.25"
RX,1836494,R7,TXB,N16,151,165037,B,1,0.9,0.8,30.0,U,-56.0,9.75,True,,2026-06-23T17:18:19.222+00:00,/dev/cu.usbserial-576B0005451,"RX,1836494,R7,TXB,N16,151,165037,B,1,0.90,0.80,30,U,-56,9.75"
RX,1836586,R7,TXA,N01,161,175852,A,1,0.3,0.25,30.0,R,-43.0,9.0,True,,2026-06-23T17:18:19.315+00:00,/dev/cu.usbserial-576B0005451,"RX,1836586,R7,TXA,N01,161,175852,A,1,0.30,0.25,30,R,-43,9.00"
RX,1837577,R7,TXB,N16,152,166120,B,1,0.9,0.8,30.0,U,-56.0,9.75,True,,2026-06-23T17:18:20.305+00:00,/dev/cu.usbserial-576B0005451,"RX,1837577,R7,TXB,N16,152,166120,B,1,0.90,0.80,30,U,-56,9.75"
RX,1837669,R7,TXA,N01,162,176935,A,1,0.3,0.25,30.0,R,-43.0,9.5,True,,2026-06-23T17:18:20.398+00:00,/dev/cu.usbserial-576B0005451,"RX,1837669,R7,TXA,N01,162,176935,A,1,0.30,0.25,30,R,-43,9.50"
RX,1838660,R7,TXB,N16,153,167203,B,1,0.9,0.8,30.0,U,-56.0,9.25,True,,2026-06-23T17:18:21.388+00:00,/dev/cu.usbserial-576B0005451,"RX,1838660,R7,TXB,N16,153,167203,B,1,0.90,0.80,30,U,-56,9.25"
RX,1838752,R7,TXA,N01,163,178018,A,1,0.3,0.25,30.0,R,-42.0,9.75,True,,2026-06-23T17:18:21.481+00:00,/dev/cu.usbserial-576B0005451,"RX,1838752,R7,TXA,N01,163,178018,A,1,0.30,0.25,30,R,-42,9.75"
RX,1839743,R7,TXB,N16,154,168286,B,1,0.9,0.8,30.0,U,-56.0,9.25,True,,2026-06-23T17:18:22.471+00:00,/dev/cu.usbserial-576B0005451,"RX,1839743,R7,TXB,N16,154,168286,B,1,0.90,0.80,30,U,-56,9.25"
RX,1839835,R7,TXA,N01,164,179101,A,1,0.3,0.25,30.0,R,-43.0,9.5,True,,2026-06-23T17:18:22.564+00:00,/dev/cu.usbserial-576B0005451,"RX,1839835,R7,TXA,N01,164,179101,A,1,0.30,0.25,30,R,-43,9.50"
RX,1840826,R7,TXB,N16,155,169369,B,1,0.9,0.8,30.0,U,-55.0,9.5,True,,2026-06-23T17:18:23.554+00:00,/dev/cu.usbserial-576B0005451,"RX,1840826,R7,TXB,N16,155,169369,B,1,0.90,0.80,30,U,-55,9.50"
RX,1840918,R7,TXA,N01,165,180184,A,1,0.3,0.25,30.0,R,-43.0,10.0,True,,2026-06-23T17:18:23.647+00:00,/dev/cu.usbserial-576B0005451,"RX,1840918,R7,TXA,N01,165,180184,A,1,0.30,0.25,30,R,-43,10.00"
RX,1841909,R7,TXB,N16,156,170452,B,1,0.9,0.8,30.0,U,-55.0,9.75,True,,2026-06-23T17:18:24.637+00:00,/dev/cu.usbserial-576B0005451,"RX,1841909,R7,TXB,N16,156,170452,B,1,0.90,0.80,30,U,-55,9.75"
RX,1842001,R7,TXA,N01,166,181267,A,1,0.3,0.25,30.0,R,-43.0,9.75,True,,2026-06-23T17:18:24.730+00:00,/dev/cu.usbserial-576B0005451,"RX,1842001,R7,TXA,N01,166,181267,A,1,0.30,0.25,30,R,-43,9.75"
RX,1842992,R7,TXB,N16,157,171535,B,1,0.9,0.8,30.0,U,-60.0,9.5,True,,2026-06-23T17:18:25.720+00:00,/dev/cu.usbserial-576B0005451,"RX,1842992,R7,TXB,N16,157,171535,B,1,0.90,0.80,30,U,-60,9.50"
RX,1843084,R7,TXA,N01,167,182350,A,1,0.3,0.25,30.0,R,-42.0,10.0,True,,2026-06-23T17:18:25.813+00:00,/dev/cu.usbserial-576B0005451,"RX,1843084,R7,TXA,N01,167,182350,A,1,0.30,0.25,30,R,-42,10.00"
RX,1844075,R7,TXB,N16,158,172618,B,1,0.9,0.8,30.0,U,-60.0,9.75,True,,2026-06-23T17:18:26.803+00:00,/dev/cu.usbserial-576B0005451,"RX,1844075,R7,TXB,N16,158,172618,B,1,0.90,0.80,30,U,-60,9.75"
RX,1844167,R7,TXA,N01,168,183433,A,1,0.3,0.25,30.0,R,-43.0,9.5,True,,2026-06-23T17:18:26.895+00:00,/dev/cu.usbserial-576B0005451,"RX,1844167,R7,TXA,N01,168,183433,A,1,0.30,0.25,30,R,-43,9.50"
RX,1845158,R7,TXB,N16,159,173701,B,1,0.9,0.8,30.0,U,-60.0,9.5,True,,2026-06-23T17:18:27.886+00:00,/dev/cu.usbserial-576B0005451,"RX,1845158,R7,TXB,N16,159,173701,B,1,0.90,0.80,30,U,-60,9.50"
RX,1845250,R7,TXA,N01,169,184516,A,1,0.3,0.25,30.0,R,-43.0,9.5,True,,2026-06-23T17:18:27.979+00:00,/dev/cu.usbserial-576B0005451,"RX,1845250,R7,TXA,N01,169,184516,A,1,0.30,0.25,30,R,-43,9.50"
RX,1846241,R7,TXB,N16,160,174784,B,1,0.9,0.8,30.0,U,-60.0,9.75,True,,2026-06-23T17:18:28.969+00:00,/dev/cu.usbserial-576B0005451,"RX,1846241,R7,TXB,N16,160,174784,B,1,0.90,0.80,30,U,-60,9.75"
RX,1846333,R7,TXA,N01,170,185599,A,1,0.3,0.25,30.0,R,-43.0,9.5,True,,2026-06-23T17:18:29.061+00:00,/dev/cu.usbserial-576B0005451,"RX,1846333,R7,TXA,N01,170,185599,A,1,0.30,0.25,30,R,-43,9.50"
RX,1847324,R7,TXB,N16,161,175867,B,1,0.9,0.8,30.0,U,-60.0,9.75,True,,2026-06-23T17:18:30.052+00:00,/dev/cu.usbserial-576B0005451,"RX,1847324,R7,TXB,N16,161,175867,B,1,0.90,0.80,30,U,-60,9.75"
RX,1847416,R7,TXA,N01,171,186682,A,1,0.3,0.25,30.0,R,-43.0,9.25,True,,2026-06-23T17:18:30.145+00:00,/dev/cu.usbserial-576B0005451,"RX,1847416,R7,TXA,N01,171,186682,A,1,0.30,0.25,30,R,-43,9.25"
RX,1848407,R7,TXB,N16,162,176950,B,1,0.9,0.8,30.0,U,-55.0,9.75,True,,2026-06-23T17:18:31.135+00:00,/dev/cu.usbserial-576B0005451,"RX,1848407,R7,TXB,N16,162,176950,B,1,0.90,0.80,30,U,-55,9.75"
RX,1848499,R7,TXA,N01,172,187765,A,1,0.3,0.25,30.0,R,-43.0,9.25,True,,2026-06-23T17:18:31.228+00:00,/dev/cu.usbserial-576B0005451,"RX,1848499,R7,TXA,N01,172,187765,A,1,0.30,0.25,30,R,-43,9.25"
RX,1849490,R7,TXB,N16,163,178033,B,1,0.9,0.8,30.0,U,-57.0,9.75,True,,2026-06-23T17:18:32.218+00:00,/dev/cu.usbserial-576B0005451,"RX,1849490,R7,TXB,N16,163,178033,B,1,0.90,0.80,30,U,-57,9.75"
RX,1849582,R7,TXA,N01,173,188848,A,1,0.3,0.25,30.0,R,-43.0,9.75,True,,2026-06-23T17:18:32.311+00:00,/dev/cu.usbserial-576B0005451,"RX,1849582,R7,TXA,N01,173,188848,A,1,0.30,0.25,30,R,-43,9.75"
RX,1850573,R7,TXB,N16,164,179116,B,1,0.9,0.8,30.0,U,-56.0,10.25,True,,2026-06-23T17:18:33.302+00:00,/dev/cu.usbserial-576B0005451,"RX,1850573,R7,TXB,N16,164,179116,B,1,0.90,0.80,30,U,-56,10.25"
RX,1850665,R7,TXA,N01,174,189931,A,1,0.3,0.25,30.0,R,-43.0,9.25,True,,2026-06-23T17:18:33.394+00:00,/dev/cu.usbserial-576B0005451,"RX,1850665,R7,TXA,N01,174,189931,A,1,0.30,0.25,30,R,-43,9.25"
RX,1851656,R7,TXB,N16,165,180199,B,1,0.9,0.8,30.0,U,-56.0,10.0,True,,2026-06-23T17:18:34.385+00:00,/dev/cu.usbserial-576B0005451,"RX,1851656,R7,TXB,N16,165,180199,B,1,0.90,0.80,30,U,-56,10.00"
RX,1851748,R7,TXA,N01,175,191014,A,1,0.3,0.25,30.0,R,-43.0,9.5,True,,2026-06-23T17:18:34.477+00:00,/dev/cu.usbserial-576B0005451,"RX,1851748,R7,TXA,N01,175,191014,A,1,0.30,0.25,30,R,-43,9.50"
RX,1852739,R7,TXB,N16,166,181282,B,1,0.9,0.8,30.0,U,-56.0,9.75,True,,2026-06-23T17:18:35.467+00:00,/dev/cu.usbserial-576B0005451,"RX,1852739,R7,TXB,N16,166,181282,B,1,0.90,0.80,30,U,-56,9.75"
RX,1852831,R7,TXA,N01,176,192097,A,1,0.3,0.25,30.0,R,-43.0,9.75,True,,2026-06-23T17:18:35.560+00:00,/dev/cu.usbserial-576B0005451,"RX,1852831,R7,TXA,N01,176,192097,A,1,0.30,0.25,30,R,-43,9.75"
RX,1853822,R7,TXB,N16,167,182365,B,1,0.9,0.8,30.0,U,-58.0,9.75,True,,2026-06-23T17:18:36.551+00:00,/dev/cu.usbserial-576B0005451,"RX,1853822,R7,TXB,N16,167,182365,B,1,0.90,0.80,30,U,-58,9.75"
RX,1853914,R7,TXA,N01,177,193180,A,1,0.3,0.25,30.0,R,-43.0,9.25,True,,2026-06-23T17:18:36.643+00:00,/dev/cu.usbserial-576B0005451,"RX,1853914,R7,TXA,N01,177,193180,A,1,0.30,0.25,30,R,-43,9.25"
RX,1854905,R7,TXB,N16,168,183448,B,1,0.9,0.8,30.0,U,-54.0,10.0,True,,2026-06-23T17:18:37.634+00:00,/dev/cu.usbserial-576B0005451,"RX,1854905,R7,TXB,N16,168,183448,B,1,0.90,0.80,30,U,-54,10.00"
RX,1854997,R7,TXA,N01,178,194263,A,1,0.3,0.25,30.0,R,-43.0,9.75,True,,2026-06-23T17:18:37.726+00:00,/dev/cu.usbserial-576B0005451,"RX,1854997,R7,TXA,N01,178,194263,A,1,0.30,0.25,30,R,-43,9.75"
RX,1855988,R7,TXB,N16,169,184531,B,1,0.9,0.8,30.0,U,-56.0,10.25,True,,2026-06-23T17:18:38.717+00:00,/dev/cu.usbserial-576B0005451,"RX,1855988,R7,TXB,N16,169,184531,B,1,0.90,0.80,30,U,-56,10.25"
RX,1856080,R7,TXA,N01,179,195346,A,1,0.3,0.25,30.0,R,-43.0,10.0,True,,2026-06-23T17:18:38.809+00:00,/dev/cu.usbserial-576B0005451,"RX,1856080,R7,TXA,N01,179,195346,A,1,0.30,0.25,30,R,-43,10.00"
RX,1857071,R7,TXB,N16,170,185614,B,1,0.9,0.8,30.0,U,-55.0,9.5,True,,2026-06-23T17:18:39.799+00:00,/dev/cu.usbserial-576B0005451,"RX,1857071,R7,TXB,N16,170,185614,B,1,0.90,0.80,30,U,-55,9.50"
RX,1857163,R7,TXA,N01,180,196429,A,1,0.3,0.25,30.0,R,-43.0,9.75,True,,2026-06-23T17:18:39.892+00:00,/dev/cu.usbserial-576B0005451,"RX,1857163,R7,TXA,N01,180,196429,A,1,0.30,0.25,30,R,-43,9.75"
RX,1858154,R7,TXB,N16,171,186697,B,1,0.9,0.8,30.0,U,-56.0,9.25,True,,2026-06-23T17:18:40.882+00:00,/dev/cu.usbserial-576B0005451,"RX,1858154,R7,TXB,N16,171,186697,B,1,0.90,0.80,30,U,-56,9.25"
RX,1858246,R7,TXA,N01,181,197512,A,1,0.3,0.25,30.0,R,-43.0,9.75,True,,2026-06-23T17:18:40.974+00:00,/dev/cu.usbserial-576B0005451,"RX,1858246,R7,TXA,N01,181,197512,A,1,0.30,0.25,30,R,-43,9.75"
RX,1859237,R7,TXB,N16,172,187780,B,1,0.9,0.8,30.0,U,-56.0,9.5,True,,2026-06-23T17:18:41.965+00:00,/dev/cu.usbserial-576B0005451,"RX,1859237,R7,TXB,N16,172,187780,B,1,0.90,0.80,30,U,-56,9.50"
RX,1859329,R7,TXA,N01,182,198595,A,1,0.3,0.25,30.0,R,-43.0,9.5,True,,2026-06-23T17:18:42.058+00:00,/dev/cu.usbserial-576B0005451,"RX,1859329,R7,TXA,N01,182,198595,A,1,0.30,0.25,30,R,-43,9.50"
RX,1860320,R7,TXB,N16,173,188863,B,1,0.9,0.8,30.0,U,-56.0,10.0,True,,2026-06-23T17:18:43.048+00:00,/dev/cu.usbserial-576B0005451,"RX,1860320,R7,TXB,N16,173,188863,B,1,0.90,0.80,30,U,-56,10.00"
RX,1860412,R7,TXA,N01,183,199678,A,1,0.3,0.25,30.0,R,-43.0,9.75,True,,2026-06-23T17:18:43.141+00:00,/dev/cu.usbserial-576B0005451,"RX,1860412,R7,TXA,N01,183,199678,A,1,0.30,0.25,30,R,-43,9.75"
RX,1861403,R7,TXB,N16,174,189946,B,1,0.9,0.8,30.0,U,-55.0,9.5,True,,2026-06-23T17:18:44.131+00:00,/dev/cu.usbserial-576B0005451,"RX,1861403,R7,TXB,N16,174,189946,B,1,0.90,0.80,30,U,-55,9.50"
RX,1861495,R7,TXA,N01,184,200761,A,1,0.3,0.25,30.0,R,-43.0,9.25,True,,2026-06-23T17:18:44.224+00:00,/dev/cu.usbserial-576B0005451,"RX,1861495,R7,TXA,N01,184,200761,A,1,0.30,0.25,30,R,-43,9.25"
RX,1862486,R7,TXB,N16,175,191029,B,1,0.9,0.8,30.0,U,-56.0,9.5,True,,2026-06-23T17:18:45.215+00:00,/dev/cu.usbserial-576B0005451,"RX,1862486,R7,TXB,N16,175,191029,B,1,0.90,0.80,30,U,-56,9.50"
RX,1862578,R7,TXA,N01,185,201844,A,1,0.3,0.25,30.0,R,-43.0,9.5,True,,2026-06-23T17:18:45.307+00:00,/dev/cu.usbserial-576B0005451,"RX,1862578,R7,TXA,N01,185,201844,A,1,0.30,0.25,30,R,-43,9.50"
RX,1863569,R7,TXB,N16,176,192112,B,1,0.9,0.8,30.0,U,-55.0,9.75,True,,2026-06-23T17:18:46.297+00:00,/dev/cu.usbserial-576B0005451,"RX,1863569,R7,TXB,N16,176,192112,B,1,0.90,0.80,30,U,-55,9.75"
RX,1863661,R7,TXA,N01,186,202927,A,1,0.3,0.25,30.0,R,-43.0,9.0,True,,2026-06-23T17:18:46.390+00:00,/dev/cu.usbserial-576B0005451,"RX,1863661,R7,TXA,N01,186,202927,A,1,0.30,0.25,30,R,-43,9.00"
RX,1864652,R7,TXB,N16,177,193195,B,1,0.9,0.8,30.0,U,-56.0,9.75,True,,2026-06-23T17:18:47.380+00:00,/dev/cu.usbserial-576B0005451,"RX,1864652,R7,TXB,N16,177,193195,B,1,0.90,0.80,30,U,-56,9.75"
RX,1864744,R7,TXA,N01,187,204010,A,1,0.3,0.25,30.0,R,-43.0,9.5,True,,2026-06-23T17:18:47.473+00:00,/dev/cu.usbserial-576B0005451,"RX,1864744,R7,TXA,N01,187,204010,A,1,0.30,0.25,30,R,-43,9.50"
RX,1865735,R7,TXB,N16,178,194278,B,1,0.9,0.8,30.0,U,-56.0,9.75,True,,2026-06-23T17:18:48.463+00:00,/dev/cu.usbserial-576B0005451,"RX,1865735,R7,TXB,N16,178,194278,B,1,0.90,0.80,30,U,-56,9.75"
RX,1865827,R7,TXA,N01,188,205093,A,1,0.3,0.25,30.0,R,-43.0,9.0,True,,2026-06-23T17:18:48.556+00:00,/dev/cu.usbserial-576B0005451,"RX,1865827,R7,TXA,N01,188,205093,A,1,0.30,0.25,30,R,-43,9.00"
RX,1866818,R7,TXB,N16,179,195361,B,1,0.9,0.8,30.0,U,-55.0,9.75,True,,2026-06-23T17:18:49.546+00:00,/dev/cu.usbserial-576B0005451,"RX,1866818,R7,TXB,N16,179,195361,B,1,0.90,0.80,30,U,-55,9.75"
RX,1866910,R7,TXA,N01,189,206176,A,1,0.3,0.25,30.0,R,-43.0,9.25,True,,2026-06-23T17:18:49.639+00:00,/dev/cu.usbserial-576B0005451,"RX,1866910,R7,TXA,N01,189,206176,A,1,0.30,0.25,30,R,-43,9.25"
RX,1867901,R7,TXB,N16,180,196444,B,1,0.9,0.8,30.0,U,-56.0,9.25,True,,2026-06-23T17:18:50.629+00:00,/dev/cu.usbserial-576B0005451,"RX,1867901,R7,TXB,N16,180,196444,B,1,0.90,0.80,30,U,-56,9.25"
RX,1867993,R7,TXA,N01,190,207259,A,1,0.3,0.25,30.0,R,-43.0,9.25,True,,2026-06-23T17:18:50.722+00:00,/dev/cu.usbserial-576B0005451,"RX,1867993,R7,TXA,N01,190,207259,A,1,0.30,0.25,30,R,-43,9.25"
RX,1868984,R7,TXB,N16,181,197527,B,1,0.9,0.8,30.0,U,-55.0,9.75,True,,2026-06-23T17:18:51.712+00:00,/dev/cu.usbserial-576B0005451,"RX,1868984,R7,TXB,N16,181,197527,B,1,0.90,0.80,30,U,-55,9.75"
RX,1869076,R7,TXA,N01,191,208342,A,1,0.3,0.25,30.0,R,-43.0,9.0,True,,2026-06-23T17:18:51.805+00:00,/dev/cu.usbserial-576B0005451,"RX,1869076,R7,TXA,N01,191,208342,A,1,0.30,0.25,30,R,-43,9.00"
RX,1870067,R7,TXB,N16,182,198610,B,1,0.9,0.8,30.0,U,-55.0,9.75,True,,2026-06-23T17:18:52.796+00:00,/dev/cu.usbserial-576B0005451,"RX,1870067,R7,TXB,N16,182,198610,B,1,0.90,0.80,30,U,-55,9.75"
RX,1870159,R7,TXA,N01,192,209425,A,1,0.3,0.25,30.0,R,-43.0,9.25,True,,2026-06-23T17:18:52.888+00:00,/dev/cu.usbserial-576B0005451,"RX,1870159,R7,TXA,N01,192,209425,A,1,0.30,0.25,30,R,-43,9.25"
RX,1871150,R7,TXB,N16,183,199693,B,1,0.9,0.8,30.0,U,-55.0,9.75,True,,2026-06-23T17:18:53.878+00:00,/dev/cu.usbserial-576B0005451,"RX,1871150,R7,TXB,N16,183,199693,B,1,0.90,0.80,30,U,-55,9.75"
RX,1871242,R7,TXA,N01,193,210508,A,1,0.3,0.25,30.0,R,-43.0,9.5,True,,2026-06-23T17:18:53.971+00:00,/dev/cu.usbserial-576B0005451,"RX,1871242,R7,TXA,N01,193,210508,A,1,0.30,0.25,30,R,-43,9.50"
RX,1872233,R7,TXB,N16,184,200776,B,1,0.9,0.8,30.0,U,-56.0,9.5,True,,2026-06-23T17:18:54.961+00:00,/dev/cu.usbserial-576B0005451,"RX,1872233,R7,TXB,N16,184,200776,B,1,0.90,0.80,30,U,-56,9.50"
RX,1872325,R7,TXA,N01,194,211591,A,1,0.3,0.25,30.0,R,-43.0,9.25,True,,2026-06-23T17:18:55.054+00:00,/dev/cu.usbserial-576B0005451,"RX,1872325,R7,TXA,N01,194,211591,A,1,0.30,0.25,30,R,-43,9.25"
RX,1873316,R7,TXB,N16,185,201859,B,1,0.9,0.8,30.0,U,-56.0,9.25,True,,2026-06-23T17:18:56.044+00:00,/dev/cu.usbserial-576B0005451,"RX,1873316,R7,TXB,N16,185,201859,B,1,0.90,0.80,30,U,-56,9.25"
RX,1873408,R7,TXA,N01,195,212674,A,1,0.3,0.25,30.0,R,-43.0,9.5,True,,2026-06-23T17:18:56.137+00:00,/dev/cu.usbserial-576B0005451,"RX,1873408,R7,TXA,N01,195,212674,A,1,0.30,0.25,30,R,-43,9.50"
RX,1874399,R7,TXB,N16,186,202942,B,1,0.9,0.8,30.0,U,-56.0,9.75,True,,2026-06-23T17:18:57.128+00:00,/dev/cu.usbserial-576B0005451,"RX,1874399,R7,TXB,N16,186,202942,B,1,0.90,0.80,30,U,-56,9.75"
RX,1874491,R7,TXA,N01,196,213757,A,1,0.3,0.25,30.0,R,-43.0,9.0,True,,2026-06-23T17:18:57.220+00:00,/dev/cu.usbserial-576B0005451,"RX,1874491,R7,TXA,N01,196,213757,A,1,0.30,0.25,30,R,-43,9.00"
RX,1875482,R7,TXB,N16,187,204025,B,1,0.9,0.8,30.0,U,-56.0,10.0,True,,2026-06-23T17:18:58.211+00:00,/dev/cu.usbserial-576B0005451,"RX,1875482,R7,TXB,N16,187,204025,B,1,0.90,0.80,30,U,-56,10.00"
RX,1875574,R7,TXA,N01,197,214840,A,1,0.3,0.25,30.0,R,-43.0,9.5,True,,2026-06-23T17:18:58.303+00:00,/dev/cu.usbserial-576B0005451,"RX,1875574,R7,TXA,N01,197,214840,A,1,0.30,0.25,30,R,-43,9.50"
RX,1876565,R7,TXB,N16,188,205108,B,1,0.9,0.8,30.0,U,-55.0,9.75,True,,2026-06-23T17:18:59.293+00:00,/dev/cu.usbserial-576B0005451,"RX,1876565,R7,TXB,N16,188,205108,B,1,0.90,0.80,30,U,-55,9.75"
RX,1876657,R7,TXA,N01,198,215923,A,1,0.3,0.25,30.0,R,-43.0,9.25,True,,2026-06-23T17:18:59.386+00:00,/dev/cu.usbserial-576B0005451,"RX,1876657,R7,TXA,N01,198,215923,A,1,0.30,0.25,30,R,-43,9.25"
RX,1877648,R7,TXB,N16,189,206191,B,1,0.9,0.8,30.0,U,-55.0,10.25,True,,2026-06-23T17:19:00.377+00:00,/dev/cu.usbserial-576B0005451,"RX,1877648,R7,TXB,N16,189,206191,B,1,0.90,0.80,30,U,-55,10.25"
RX,1877740,R7,TXA,N01,199,217006,A,1,0.3,0.25,30.0,R,-43.0,9.75,True,,2026-06-23T17:19:00.469+00:00,/dev/cu.usbserial-576B0005451,"RX,1877740,R7,TXA,N01,199,217006,A,1,0.30,0.25,30,R,-43,9.75"
RX,1878731,R7,TXB,N16,190,207274,B,1,0.9,0.8,30.0,U,-55.0,10.0,True,,2026-06-23T17:19:01.460+00:00,/dev/cu.usbserial-576B0005451,"RX,1878731,R7,TXB,N16,190,207274,B,1,0.90,0.80,30,U,-55,10.00"
RX,1878823,R7,TXA,N01,200,218089,A,1,0.3,0.25,30.0,R,-43.0,9.75,True,,2026-06-23T17:19:01.552+00:00,/dev/cu.usbserial-576B0005451,"RX,1878823,R7,TXA,N01,200,218089,A,1,0.30,0.25,30,R,-43,9.75"
RX,1879814,R7,TXB,N16,191,208357,B,1,0.9,0.8,30.0,U,-54.0,9.5,True,,2026-06-23T17:19:02.543+00:00,/dev/cu.usbserial-576B0005451,"RX,1879814,R7,TXB,N16,191,208357,B,1,0.90,0.80,30,U,-54,9.50"
RX,1879906,R7,TXA,N01,201,219172,A,1,0.3,0.25,30.0,R,-45.0,9.5,True,,2026-06-23T17:19:02.635+00:00,/dev/cu.usbserial-576B0005451,"RX,1879906,R7,TXA,N01,201,219172,A,1,0.30,0.25,30,R,-45,9.50"
RX,1880897,R7,TXB,N16,192,209440,B,1,0.9,0.8,30.0,U,-53.0,9.25,True,,2026-06-23T17:19:03.626+00:00,/dev/cu.usbserial-576B0005451,"RX,1880897,R7,TXB,N16,192,209440,B,1,0.90,0.80,30,U,-53,9.25"
RX,1880989,R7,TXA,N01,202,220255,A,1,0.3,0.25,30.0,R,-44.0,9.25,True,,2026-06-23T17:19:03.718+00:00,/dev/cu.usbserial-576B0005451,"RX,1880989,R7,TXA,N01,202,220255,A,1,0.30,0.25,30,R,-44,9.25"
RX,1881980,R7,TXB,N16,193,210523,B,1,0.9,0.8,30.0,U,-60.0,10.0,True,,2026-06-23T17:19:04.708+00:00,/dev/cu.usbserial-576B0005451,"RX,1881980,R7,TXB,N16,193,210523,B,1,0.90,0.80,30,U,-60,10.00"
RX,1882072,R7,TXA,N01,203,221338,A,1,0.3,0.25,30.0,R,-44.0,9.25,True,,2026-06-23T17:19:04.801+00:00,/dev/cu.usbserial-576B0005451,"RX,1882072,R7,TXA,N01,203,221338,A,1,0.30,0.25,30,R,-44,9.25"
RX,1883063,R7,TXB,N16,194,211606,B,1,0.9,0.8,30.0,U,-59.0,9.5,True,,2026-06-23T17:19:05.792+00:00,/dev/cu.usbserial-576B0005451,"RX,1883063,R7,TXB,N16,194,211606,B,1,0.90,0.80,30,U,-59,9.50"
RX,1883155,R7,TXA,N01,204,222421,A,1,0.3,0.25,30.0,R,-44.0,9.75,True,,2026-06-23T17:19:05.884+00:00,/dev/cu.usbserial-576B0005451,"RX,1883155,R7,TXA,N01,204,222421,A,1,0.30,0.25,30,R,-44,9.75"
RX,1884146,R7,TXB,N16,195,212689,B,1,0.9,0.8,30.0,U,-59.0,9.5,True,,2026-06-23T17:19:06.874+00:00,/dev/cu.usbserial-576B0005451,"RX,1884146,R7,TXB,N16,195,212689,B,1,0.90,0.80,30,U,-59,9.50"
RX,1884238,R7,TXA,N01,205,223504,A,1,0.3,0.25,30.0,R,-44.0,9.25,True,,2026-06-23T17:19:06.967+00:00,/dev/cu.usbserial-576B0005451,"RX,1884238,R7,TXA,N01,205,223504,A,1,0.30,0.25,30,R,-44,9.25"
RX,1885229,R7,TXB,N16,196,213772,B,1,0.9,0.8,30.0,U,-55.0,9.5,True,,2026-06-23T17:19:07.957+00:00,/dev/cu.usbserial-576B0005451,"RX,1885229,R7,TXB,N16,196,213772,B,1,0.90,0.80,30,U,-55,9.50"
RX,1885321,R7,TXA,N01,206,224587,A,1,0.3,0.25,30.0,R,-43.0,9.75,True,,2026-06-23T17:19:08.050+00:00,/dev/cu.usbserial-576B0005451,"RX,1885321,R7,TXA,N01,206,224587,A,1,0.30,0.25,30,R,-43,9.75"
RX,1886312,R7,TXB,N16,197,214855,B,1,0.9,0.8,30.0,U,-53.0,9.75,True,,2026-06-23T17:19:09.040+00:00,/dev/cu.usbserial-576B0005451,"RX,1886312,R7,TXB,N16,197,214855,B,1,0.90,0.80,30,U,-53,9.75"
RX,1886404,R7,TXA,N01,207,225670,A,1,0.3,0.25,30.0,R,-43.0,9.75,True,,2026-06-23T17:19:09.132+00:00,/dev/cu.usbserial-576B0005451,"RX,1886404,R7,TXA,N01,207,225670,A,1,0.30,0.25,30,R,-43,9.75"
RX,1887395,R7,TXB,N16,198,215938,B,1,0.9,0.8,30.0,U,-54.0,9.75,True,,2026-06-23T17:19:10.123+00:00,/dev/cu.usbserial-576B0005451,"RX,1887395,R7,TXB,N16,198,215938,B,1,0.90,0.80,30,U,-54,9.75"
RX,1887487,R7,TXA,N01,208,226753,A,1,0.3,0.25,30.0,R,-44.0,9.5,True,,2026-06-23T17:19:10.216+00:00,/dev/cu.usbserial-576B0005451,"RX,1887487,R7,TXA,N01,208,226753,A,1,0.30,0.25,30,R,-44,9.50"
RX,1888478,R7,TXB,N16,199,217021,B,1,0.9,0.8,30.0,U,-54.0,9.5,True,,2026-06-23T17:19:11.207+00:00,/dev/cu.usbserial-576B0005451,"RX,1888478,R7,TXB,N16,199,217021,B,1,0.90,0.80,30,U,-54,9.50"
RX,1888570,R7,TXA,N01,209,227836,A,1,0.3,0.25,30.0,R,-44.0,9.25,True,,2026-06-23T17:19:11.299+00:00,/dev/cu.usbserial-576B0005451,"RX,1888570,R7,TXA,N01,209,227836,A,1,0.30,0.25,30,R,-44,9.25"
RX,1889561,R7,TXB,N16,200,218104,B,1,0.9,0.8,30.0,U,-53.0,9.5,True,,2026-06-23T17:19:12.289+00:00,/dev/cu.usbserial-576B0005451,"RX,1889561,R7,TXB,N16,200,218104,B,1,0.90,0.80,30,U,-53,9.50"
RX,1889653,R7,TXA,N01,210,228919,A,1,0.3,0.25,30.0,R,-44.0,9.75,True,,2026-06-23T17:19:12.382+00:00,/dev/cu.usbserial-576B0005451,"RX,1889653,R7,TXA,N01,210,228919,A,1,0.30,0.25,30,R,-44,9.75"
RX,1890644,R7,TXB,N16,201,219187,B,1,0.9,0.8,30.0,U,-53.0,9.5,True,,2026-06-23T17:19:13.373+00:00,/dev/cu.usbserial-576B0005451,"RX,1890644,R7,TXB,N16,201,219187,B,1,0.90,0.80,30,U,-53,9.50"
RX,1890737,R7,TXA,N01,211,230002,A,1,0.3,0.25,30.0,R,-44.0,9.5,True,,2026-06-23T17:19:13.465+00:00,/dev/cu.usbserial-576B0005451,"RX,1890737,R7,TXA,N01,211,230002,A,1,0.30,0.25,30,R,-44,9.50"
RX,1891727,R7,TXB,N16,202,220270,B,1,0.9,0.8,30.0,U,-54.0,9.75,True,,2026-06-23T17:19:14.456+00:00,/dev/cu.usbserial-576B0005451,"RX,1891727,R7,TXB,N16,202,220270,B,1,0.90,0.80,30,U,-54,9.75"
RX,1891820,R7,TXA,N01,212,231085,A,1,0.3,0.25,30.0,R,-44.0,9.5,True,,2026-06-23T17:19:14.548+00:00,/dev/cu.usbserial-576B0005451,"RX,1891820,R7,TXA,N01,212,231085,A,1,0.30,0.25,30,R,-44,9.50"
RX,1892810,R7,TXB,N16,203,221353,B,1,0.9,0.8,30.0,U,-54.0,9.5,True,,2026-06-23T17:19:15.539+00:00,/dev/cu.usbserial-576B0005451,"RX,1892810,R7,TXB,N16,203,221353,B,1,0.90,0.80,30,U,-54,9.50"
RX,1892903,R7,TXA,N01,213,232168,A,1,0.3,0.25,30.0,R,-44.0,9.25,True,,2026-06-23T17:19:15.631+00:00,/dev/cu.usbserial-576B0005451,"RX,1892903,R7,TXA,N01,213,232168,A,1,0.30,0.25,30,R,-44,9.25"
RX,1893893,R7,TXB,N16,204,222436,B,1,0.9,0.8,30.0,U,-54.0,9.75,True,,2026-06-23T17:19:16.622+00:00,/dev/cu.usbserial-576B0005451,"RX,1893893,R7,TXB,N16,204,222436,B,1,0.90,0.80,30,U,-54,9.75"
RX,1893986,R7,TXA,N01,214,233251,A,1,0.3,0.25,30.0,R,-44.0,9.5,True,,2026-06-23T17:19:16.714+00:00,/dev/cu.usbserial-576B0005451,"RX,1893986,R7,TXA,N01,214,233251,A,1,0.30,0.25,30,R,-44,9.50"
RX,1894976,R7,TXB,N16,205,223519,B,1,0.9,0.8,30.0,U,-54.0,9.5,True,,2026-06-23T17:19:17.705+00:00,/dev/cu.usbserial-576B0005451,"RX,1894976,R7,TXB,N16,205,223519,B,1,0.90,0.80,30,U,-54,9.50"
RX,1895069,R7,TXA,N01,215,234334,A,1,0.3,0.25,30.0,R,-43.0,9.5,True,,2026-06-23T17:19:17.797+00:00,/dev/cu.usbserial-576B0005451,"RX,1895069,R7,TXA,N01,215,234334,A,1,0.30,0.25,30,R,-43,9.50"
RX,1896059,R7,TXB,N16,206,224602,B,1,0.9,0.8,30.0,U,-54.0,9.75,True,,2026-06-23T17:19:18.788+00:00,/dev/cu.usbserial-576B0005451,"RX,1896059,R7,TXB,N16,206,224602,B,1,0.90,0.80,30,U,-54,9.75"
RX,1896152,R7,TXA,N01,216,235417,A,1,0.3,0.25,30.0,R,-44.0,9.0,True,,2026-06-23T17:19:18.880+00:00,/dev/cu.usbserial-576B0005451,"RX,1896152,R7,TXA,N01,216,235417,A,1,0.30,0.25,30,R,-44,9.00"
RX,1897142,R7,TXB,N16,207,225685,B,1,0.9,0.8,30.0,U,-54.0,9.5,True,,2026-06-23T17:19:19.870+00:00,/dev/cu.usbserial-576B0005451,"RX,1897142,R7,TXB,N16,207,225685,B,1,0.90,0.80,30,U,-54,9.50"
RX,1897234,R7,TXA,N01,217,236500,A,1,0.3,0.25,30.0,R,-44.0,9.25,True,,2026-06-23T17:19:19.963+00:00,/dev/cu.usbserial-576B0005451,"RX,1897234,R7,TXA,N01,217,236500,A,1,0.30,0.25,30,R,-44,9.25"
RX,1898225,R7,TXB,N16,208,226768,B,1,0.9,0.8,30.0,U,-54.0,9.75,True,,2026-06-23T17:19:20.953+00:00,/dev/cu.usbserial-576B0005451,"RX,1898225,R7,TXB,N16,208,226768,B,1,0.90,0.80,30,U,-54,9.75"
RX,1898318,R7,TXA,N01,218,237583,A,1,0.3,0.25,30.0,R,-43.0,9.5,True,,2026-06-23T17:19:21.046+00:00,/dev/cu.usbserial-576B0005451,"RX,1898318,R7,TXA,N01,218,237583,A,1,0.30,0.25,30,R,-43,9.50"
RX,1899308,R7,TXB,N16,209,227851,B,1,0.9,0.8,30.0,U,-54.0,9.75,True,,2026-06-23T17:19:22.037+00:00,/dev/cu.usbserial-576B0005451,"RX,1899308,R7,TXB,N16,209,227851,B,1,0.90,0.80,30,U,-54,9.75"
RX,1899401,R7,TXA,N01,219,238666,A,1,0.3,0.25,30.0,R,-44.0,9.5,True,,2026-06-23T17:19:22.129+00:00,/dev/cu.usbserial-576B0005451,"RX,1899401,R7,TXA,N01,219,238666,A,1,0.30,0.25,30,R,-44,9.50"
RX,1900391,R7,TXB,N16,210,228934,B,1,0.9,0.8,30.0,U,-54.0,9.25,True,,2026-06-23T17:19:23.120+00:00,/dev/cu.usbserial-576B0005451,"RX,1900391,R7,TXB,N16,210,228934,B,1,0.90,0.80,30,U,-54,9.25"
RX,1900483,R7,TXA,N01,220,239749,A,1,0.3,0.25,30.0,R,-44.0,9.5,True,,2026-06-23T17:19:23.212+00:00,/dev/cu.usbserial-576B0005451,"RX,1900483,R7,TXA,N01,220,239749,A,1,0.30,0.25,30,R,-44,9.50"
RX,1901474,R7,TXB,N16,211,230017,B,1,0.9,0.8,30.0,U,-53.0,9.75,True,,2026-06-23T17:19:24.203+00:00,/dev/cu.usbserial-576B0005451,"RX,1901474,R7,TXB,N16,211,230017,B,1,0.90,0.80,30,U,-53,9.75"
RX,1901567,R7,TXA,N01,221,240832,A,1,0.3,0.25,30.0,R,-45.0,9.75,True,,2026-06-23T17:19:24.295+00:00,/dev/cu.usbserial-576B0005451,"RX,1901567,R7,TXA,N01,221,240832,A,1,0.30,0.25,30,R,-45,9.75"
RX,1902557,R7,TXB,N16,212,231100,B,1,0.9,0.8,30.0,U,-55.0,9.75,True,,2026-06-23T17:19:25.285+00:00,/dev/cu.usbserial-576B0005451,"RX,1902557,R7,TXB,N16,212,231100,B,1,0.90,0.80,30,U,-55,9.75"
RX,1902650,R7,TXA,N01,222,241915,A,1,0.3,0.25,30.0,R,-44.0,9.5,True,,2026-06-23T17:19:25.377+00:00,/dev/cu.usbserial-576B0005451,"RX,1902650,R7,TXA,N01,222,241915,A,1,0.30,0.25,30,R,-44,9.50"
RX,1903640,R7,TXB,N16,213,232183,B,1,0.9,0.8,30.0,U,-55.0,9.75,True,,2026-06-23T17:19:26.369+00:00,/dev/cu.usbserial-576B0005451,"RX,1903640,R7,TXB,N16,213,232183,B,1,0.90,0.80,30,U,-55,9.75"
RX,1903733,R7,TXA,N01,223,242998,A,1,0.3,0.25,30.0,R,-44.0,9.25,True,,2026-06-23T17:19:26.461+00:00,/dev/cu.usbserial-576B0005451,"RX,1903733,R7,TXA,N01,223,242998,A,1,0.30,0.25,30,R,-44,9.25"
